id,date,oppo,venue,result,bat_first,first_runs,first_wkts,first_all_out,first_notes,second_runs,second_wkts,second_all_out,second_notes,overs_opp,overs_tocc,tocc_w,tocc_nb,tocc_b,tocc_lb,opp_w,opp_nb,opp_b,opp_lb
-1,1998-05-02 00:00:00,West Wickham,H,L,TOCC,125,10,Y,,128,9,,"Mander A 5-20, Tasker 53",38.3,35,4,0,7,0,7,3,10,0
-1,1998-05-03 00:00:00,Commonwealth Offices,H,D,TOCC,185,6,Y,"Shewan 93, Snow 41",118,5,,,38,37,10,0,3,2,6,2,4,2
-1,1998-05-04 00:00:00,Seaford,A,W,TOCC,147,10,Y,Leadley 38,145,10,,Cooper 5-38,41.3,42.4,2,0,3,2,10,4,3,8
-1,1998-05-09 00:00:00,Norwood Exiles,H,D,Opp,114,9,Y,"Lestrelle 3-7, Elliston 3-22",92,8,,,31,52,10,1,0,1,9,0,3,5
-1,1998-05-10 00:00:00,Falcon,A,W,TOCC,126,9,Y,Worthington 25,62,9,,Cooper 3-18,45,27.4,4,0,9,2,4,2,9,5
-1,1998-05-10 00:00:00,Corner Pin,H,W,TOCC,188,4,Y,"Leadley 88*, Sharpe 35",109,10,,Thomas 3-14,40,30.4,4,0,12,1,10,0,18,2
-1,1998-05-16 00:00:00,Burgh Heath,A,W,TOCC,134,10,Y,Worthington 36,87,10,,"Morris 3-9, Springer 3-19",36.3,30,3,0,15,6,9,1,0,2
-1,1998-05-17 00:00:00,Thurlow Park RAFA,H,L,Opp,166,10,Y,Thomas 6-44,164,10,,"Leadley 76, Williams 5-32",39.4,44.2,14,3,10,2,6,4,11,3
-1,1998-05-17 00:00:00,Merton Saints,A,W,Opp,87,10,Y,"Mander N 3-14, Worthy J 3-16",88,9,,"Mander A 25, Reid 20",22.4,38.5,19,0,9,2,2,2,1,0
-1,1998-05-23 00:00:00,Frensham,A,W,Opp,166,7,Y,Worthy J 3-15,171,6,,"Lestrelle 29, Mander N 28*",32.3,44,19,4,4,1,13,4,12,2
-1,1998-05-24 00:00:00,Woodgreen,A,W,TOCC,158,7,Y,"Mander N 41*, Brocks 36",93,10,,"Nash 32, Worthy J 3-22, Elliston 3-26",41,27.5,1,0,10,0,7,0,8,0
-1,1998-05-25 00:00:00,Steeple Langford,A,W,TOCC,235,5,Y,"Reid 62*, Cooper 41, Sharpe 37*",76,10,,"Springer 4-6, Brocks 3-22",41,20.3,2,1,1,0,5,1,3,3
-1,1998-05-26 00:00:00,Cove,A,W,Opp,150,3,Y,Randall 56,151,3,,Brocks 92,21,25,4,0,2,1,1,3,2,3
-1,1998-05-30 00:00:00,Deansbank,H,L,TOCC,126,10,Y,"Dugdale 29, Challoner 6-26",127,5,,Young 2-32,40.1,33.5,4,2,2,2,5,3,8,4
-1,1998-05-31 00:00:00,Bromley Common,H,D,TOCC,172,8,Y,"Brocks 48, Hamilton 43",103,7,,Sharpe 2-9,43,44,7,2,3,2,7,4,9,3
-1,1998-05-31 00:00:00,Tabard Pilgrims,A,W,Opp,151,6,Y,Morris 3-26,153,6,,Leadley 112*,34,47,0,0,2,0,5,0,4,1
-1,1998-06-06 00:00:00,Mad Hatters,A,D,Opp,202,8,Y,"Lally 50, Young 3-57",182,9,,"Middleton 96, Hanna 4-29",38,42,3,0,8,4,15,0,6,1
-1,1998-06-07 00:00:00,Frensham,A,L,TOCC,190,10,Y,"Sharpe 59, Springer 55",193,6,,,38,38.3,11,1,4,1,16,1,0,1
-1,1998-06-07 00:00:00,Merton Saints,H,D,TOCC,172,8,Y,"Leadley 58, Porter 49",103,7,,Porter 3-15,43.5,39,10,0,12,1,3,1,4,4
-1,1998-06-14 00:00:00,4 C's,H,W,Opp,108,8,Y,,110,9,,Hamilton 49,36.2,47,13,0,4,4,16,0,5,0
-1,1998-06-20 00:00:00,Beckenham IV,H,L,Opp,160,10,Y,"Coulson 44, Young 4-35, Bowers 3-26",156,10,,"Mander A 56, Springer 37",35.3,40.1,2,7,5,1,4,0,8,0
-1,1998-06-21 00:00:00,Carshalton,H,D,TOCC,137,10,Y,"Sharpe 52, Worthington 37",114,8,,"Mander C 4-15, Porter 3-23",41.5,38,7,0,26,3,6,0,12,1
-1,1998-06-21 00:00:00,Addington,A,L,Opp,207,7,Y,,51,10,,,28,49,5,1,3,5,3,0,2,4
-1,1998-06-27 00:00:00,Central YMCA,A,D,Opp,144,10,Y,"Bowers 8-59, Colyer 90",58,1,,,11,47.4,5,0,8,4,0,0,4,1
-1,1998-06-28 00:00:00,Cobham,A,L,TOCC,147,9,Y,,148,2,,,35,24.5,1,0,2,0,12,2,9,2
-1,1998-06-28 00:00:00,Sunderland Supporters,H,L,Opp,84,10,Y,"Shewan 4-6, Reid 4-22",60,9,,"Porter 29*, Trow 5-4",30.3,37.1,4,0,9,4,4,0,1,1
-1,1998-07-05 00:00:00,Murray,A,L,Opp,247,3,Y,"Goodliffe 140, Vagg 71*",140,9,,Sharpe 52,39,41.3,1,4,8,5,3,3,3,0
-1,1998-07-11 00:00:00,Southern Railway,H,ND,Opp,90,5,Y,Clark 3-22,0,0,,,0,25,1,0,9,1,0,0,0,0
-1,1998-07-18 00:00:00,Legless XI,A,W,Opp,164,9,,"Cooper 4-22, Young 3-31",165,6,,"Leadley 76, Woodhouse 27",32.1,40,6,0,8,6,4,0,9,11
-1,1998-07-19 00:00:00,Falcon,H,D,Opp,157,7,Y,,119,8,,,38,46,9,1,7,2,9,1,17,3
-1,1998-07-25 00:00:00,LESSA Wanderers,A,W,Opp,63,9,Y,"Cooper G 3-5, Sharpe 3-15, Beck 30",65,9,,Beck 6-30,26.5,20,4,0,7,1,0,0,6,2
-1,1998-07-26 00:00:00,Blendon,H,D,TOCC,177,4,Y,"Springer 53*, Sharpe 51, Worthington 51",156,7,,,43.3,39,3,0,7,1,2,0,1,11
-1,1998-08-01 00:00:00,Flying Wickets,H,ND,Opp,26,2,Y,Sharpe 2-13,,,,,0,5.2,1,0,2,0,0,0,0,0
-1,1998-08-02 00:00:00,Whyteleaf,A,W,Opp,52,10,Y,Shewan 5-17,57,2,,Leadley 32,21.5,22,4,0,1,0,1,0,2,1
-1,1998-08-08 00:00:00,LESSA Wanderers,A,L,TOCC,70,9,Y,Dugdale 32,,,,,26.2,18.2,0,0,0,0,0,0,0,0
-1,1998-08-09 00:00:00,Addington,H,D,Opp,153,7,Y,Porter 6-48,133,9,,"Shewan 48, Worthy J 41",37,47,6,1,3,3,0,0,6,4
-1,1998-08-15 00:00:00,Riverside,H,D,TOCC,125,10,Y,Dugdale 32,81,9,,"Mander A 5-15, Young 4-39",36,43,7,2,1,1,5,3,1,1
-1,1998-08-16 00:00:00,Hextable,H,D,Opp,212,4,Y,Haynes 80*,181,9,,Sharpe 61,37,45,5,0,35,6,4,2,7,9
-1,1998-08-29 00:00:00,Hamsey Green,A,L,Opp,193,6,Y,Little 88,58,10,,Kercher 5-20,19,48,2,0,4,2,3,2,1,0
-1,1998-08-30 00:00:00,Blendon,A,L,TOCC,159,9,Y,"Woodhouse 37, Brocks 29",162,3,,Hopton 51*,37,37.5,6,0,2,3,8,4,4,2
-1,1998-09-06 00:00:00,Selsdon,H,L,Opp,230,8,Y,"Mance 57, Porter 3-31",94,10,,Springer 36,35.1,47,13,0,16,6,8,2,6,1
-1,1998-09-06 00:00:00,Corner Pin,A,W,Opp,109,10,Y,"Worthy J 4-8, Elliston 4-24",110,0,,Leadley 73*,17.2,30.4,0,1,12,4,4,1,0,0
-1,1998-09-13 00:00:00,Beddington,A,W,Opp,114,5,Y,"Zaman 56, Shewan 2-10",117,5,,Leadley 52,32,50.2,6,2,7,0,4,0,0,1
-1,1998-09-13 00:00:00,East Cheam,H,D,TOCC,131,7,Y,Worthington 63,99,7,,Springer 4-27,43,40,4,1,2,1,6,1,3,3
-1,1998-09-20 00:00:00,Murray,H,W,Opp,107,9,Y,"Scott 89, Sharpe 3-26",108,3,,"Sharpe 33, Springer 31*",22,27.4,2,2,6,3,1,1,4,3
-1,1998-05-02 00:00:00,West Wickham,H,L,TOCC,125,10,Y,,128,9,,"Mander A 5-20, Tasker 53",38.3,35,4,0,7,0,7,3,10,0
-1,1998-05-03 00:00:00,Commonwealth Offices,H,D,TOCC,185,6,Y,"Shewan 93, Snow 41",118,5,,,38,37,10,0,3,2,6,2,4,2
-1,1998-05-04 00:00:00,Seaford,A,W,TOCC,147,10,Y,Leadley 38,145,10,,Cooper 5-38,41.3,42.4,2,0,3,2,10,4,3,8
-1,1998-05-09 00:00:00,Norwood Exiles,H,D,Opp,114,9,Y,"Lestrelle 3-7, Elliston 3-22",92,8,,,31,52,10,1,0,1,9,0,3,5
-1,1998-05-10 00:00:00,Falcon,A,W,TOCC,126,9,Y,Worthington 25,62,9,,Cooper 3-18,45,27.4,4,0,9,2,4,2,9,5
-1,1998-05-10 00:00:00,Corner Pin,H,W,TOCC,188,4,Y,"Leadley 88*, Sharpe 35",109,10,,Thomas 3-14,40,30.4,4,0,12,1,10,0,18,2
-1,1998-05-16 00:00:00,Burgh Heath,A,W,TOCC,134,10,Y,Worthington 36,87,10,,"Morris 3-9, Springer 3-19",36.3,30,3,0,15,6,9,1,0,2
-1,1998-05-17 00:00:00,Thurlow Park RAFA,H,L,Opp,166,10,Y,Thomas 6-44,164,10,,"Leadley 76, Williams 5-32",39.4,44.2,14,3,10,2,6,4,11,3
-1,1998-05-17 00:00:00,Merton Saints,A,W,Opp,87,10,Y,"Mander N 3-14, Worthy J 3-16",88,9,,"Mander A 25, Reid 20",22.4,38.5,19,0,9,2,2,2,1,0
-1,1998-05-23 00:00:00,Frensham,A,W,Opp,166,7,Y,Worthy J 3-15,171,6,,"Lestrelle 29, Mander N 28*",32.3,44,19,4,4,1,13,4,12,2
-1,1998-05-24 00:00:00,Woodgreen,A,W,TOCC,158,7,Y,"Mander N 41*, Brocks 36",93,10,,"Nash 32, Worthy J 3-22, Elliston 3-26",41,27.5,1,0,10,0,7,0,8,0
-1,1998-05-25 00:00:00,Steeple Langford,A,W,TOCC,235,5,Y,"Reid 62*, Cooper 41, Sharpe 37*",76,10,,"Springer 4-6, Brocks 3-22",41,20.3,2,1,1,0,5,1,3,3
-1,1998-05-26 00:00:00,Cove,A,W,Opp,150,3,Y,Randall 56,151,3,,Brocks 92,21,25,4,0,2,1,1,3,2,3
-1,1998-05-30 00:00:00,Deansbank,H,L,TOCC,126,10,Y,"Dugdale 29, Challoner 6-26",127,5,,Young 2-32,40.1,33.5,4,2,2,2,5,3,8,4
-1,1998-05-31 00:00:00,Bromley Common,H,D,TOCC,172,8,Y,"Brocks 48, Hamilton 43",103,7,,Sharpe 2-9,43,44,7,2,3,2,7,4,9,3
-1,1998-05-31 00:00:00,Tabard Pilgrims,A,W,Opp,151,6,Y,Morris 3-26,153,6,,Leadley 112*,34,47,0,0,2,0,5,0,4,1
-1,1998-06-06 00:00:00,Mad Hatters,A,D,Opp,202,8,Y,"Lally 50, Young 3-57",182,9,,"Middleton 96, Hanna 4-29",38,42,3,0,8,4,15,0,6,1
-1,1998-06-07 00:00:00,Frensham,A,L,TOCC,190,10,Y,"Sharpe 59, Springer 55",193,6,,,38,38.3,11,1,4,1,16,1,0,1
-1,1998-06-07 00:00:00,Merton Saints,H,D,TOCC,172,8,Y,"Leadley 58, Porter 49",103,7,,Porter 3-15,43.5,39,10,0,12,1,3,1,4,4
-1,1998-06-14 00:00:00,4 C's,H,W,Opp,108,8,Y,,110,9,,Hamilton 49,36.2,47,13,0,4,4,16,0,5,0
-1,1998-06-20 00:00:00,Beckenham IV,H,L,Opp,160,10,Y,"Coulson 44, Young 4-35, Bowers 3-26",156,10,,"Mander A 56, Springer 37",35.3,40.1,2,7,5,1,4,0,8,0
-1,1998-06-21 00:00:00,Carshalton,H,D,TOCC,137,10,Y,"Sharpe 52, Worthington 37",114,8,,"Mander C 4-15, Porter 3-23",41.5,38,7,0,26,3,6,0,12,1
-1,1998-06-21 00:00:00,Addington,A,L,Opp,207,7,Y,,51,10,,,28,49,5,1,3,5,3,0,2,4
-1,1998-06-27 00:00:00,Central YMCA,A,D,Opp,144,10,Y,"Bowers 8-59, Colyer 90",58,1,,,11,47.4,5,0,8,4,0,0,4,1
-1,1998-06-28 00:00:00,Cobham,A,L,TOCC,147,9,Y,,148,2,,,35,24.5,1,0,2,0,12,2,9,2
-1,1998-06-28 00:00:00,Sunderland Supporters,H,L,Opp,84,10,Y,"Shewan 4-6, Reid 4-22",60,9,,"Porter 29*, Trow 5-4",30.3,37.1,4,0,9,4,4,0,1,1
-1,1998-07-05 00:00:00,Murray,A,L,Opp,247,3,Y,"Goodliffe 140, Vagg 71*",140,9,,Sharpe 52,39,41.3,1,4,8,5,3,3,3,0
-1,1998-07-11 00:00:00,Southern Railway,H,ND,Opp,90,5,Y,Clark 3-22,0,0,,,0,25,1,0,9,1,0,0,0,0
-1,1998-07-18 00:00:00,Legless XI,A,W,Opp,164,9,,"Cooper 4-22, Young 3-31",165,6,,"Leadley 76, Woodhouse 27",32.1,40,6,0,8,6,4,0,9,11
-1,1998-07-19 00:00:00,Falcon,H,D,Opp,157,7,Y,,119,8,,,38,46,9,1,7,2,9,1,17,3
-1,1998-07-25 00:00:00,LESSA Wanderers,A,W,Opp,63,9,Y,"Cooper G 3-5, Sharpe 3-15, Beck 30",65,9,,Beck 6-30,26.5,20,4,0,7,1,0,0,6,2
-1,1998-07-26 00:00:00,Blendon,H,D,TOCC,177,4,Y,"Springer 53*, Sharpe 51, Worthington 51",156,7,,,43.3,39,3,0,7,1,2,0,1,11
-1,1998-08-01 00:00:00,Flying Wickets,H,ND,Opp,26,2,Y,Sharpe 2-13,,,,,0,5.2,1,0,2,0,0,0,0,0
-1,1998-08-02 00:00:00,Whyteleaf,A,W,Opp,52,10,Y,Shewan 5-17,57,2,,Leadley 32,21.5,22,4,0,1,0,1,0,2,1
-1,1998-08-08 00:00:00,LESSA Wanderers,A,L,TOCC,70,9,Y,Dugdale 32,,,,,26.2,18.2,0,0,0,0,0,0,0,0
-1,1998-08-09 00:00:00,Addington,H,D,Opp,153,7,Y,Porter 6-48,133,9,,"Shewan 48, Worthy J 41",37,47,6,1,3,3,0,0,6,4
-1,1998-08-15 00:00:00,Riverside,H,D,TOCC,125,10,Y,Dugdale 32,81,9,,"Mander A 5-15, Young 4-39",36,43,7,2,1,1,5,3,1,1
-1,1998-08-16 00:00:00,Hextable,H,D,Opp,212,4,Y,Haynes 80*,181,9,,Sharpe 61,37,45,5,0,35,6,4,2,7,9
-1,1998-08-29 00:00:00,Hamsey Green,A,L,Opp,193,6,Y,Little 88,58,10,,Kercher 5-20,19,48,2,0,4,2,3,2,1,0
-1,1998-08-30 00:00:00,Blendon,A,L,TOCC,159,9,Y,"Woodhouse 37, Brocks 29",162,3,,Hopton 51*,37,37.5,6,0,2,3,8,4,4,2
-1,1998-09-06 00:00:00,Selsdon,H,L,Opp,230,8,Y,"Mance 57, Porter 3-31",94,10,,Springer 36,35.1,47,13,0,16,6,8,2,6,1
-1,1998-09-06 00:00:00,Corner Pin,A,W,Opp,109,10,Y,"Worthy J 4-8, Elliston 4-24",110,0,,Leadley 73*,17.2,30.4,0,1,12,4,4,1,0,0
-1,1998-09-13 00:00:00,Beddington,A,W,Opp,114,5,Y,"Zaman 56, Shewan 2-10",117,5,,Leadley 52,32,50.2,6,2,7,0,4,0,0,1
-1,1998-09-13 00:00:00,East Cheam,H,D,TOCC,131,7,Y,Worthington 63,99,7,,Springer 4-27,43,40,4,1,2,1,6,1,3,3
-1,1998-09-20 00:00:00,Murray,H,W,Opp,107,9,Y,"Scott 89, Sharpe 3-26",108,3,,"Sharpe 33, Springer 31*",22,27.4,2,2,6,3,1,1,4,3
-1,2014-04-27 00:00:00,Deando-Ruxley,A,L,Opp,132,6,,"Woolston 60, Brocks 3-18",130,10,,Sharpe 50,38,40,15,2,1,3,13,1,1,2
-1,2014-05-04 00:00:00,Woodgreen,H,W,TOCC,162,7,,"Edghill D 51*, Nash S 3-10",156,8,,Edgill D 3-26,40,40,2,1,3,0,7,2,11,2
-1,2014-05-18 00:00:00,Churchleigh,H,W,Opp,134,10,,"Mander A 3-31, Seymour 3-37",135,4,,Springer 55*,24.3,27.4,5,2,2,2,0,0,4,7
-1,2014-05-25 00:00:00,Woodgreen,A,L,TOCC,206,10,,"Springer T 116, Naish J 4-27",209,4,,"Bishop 101, Harding 50",37.3,33.2,3,0,3,0,9,0,14,0
-1,2014-05-26 00:00:00,Steeple Langford,A,ND,,,,,,,,,,,,,,,,,,,
-1,2014-06-01 00:00:00,Norwood Exiles,A,L,TOCC,178,7,,Sharpe 54,179,7,,O'Mahoney 83,40,38.3,16,1,4,1,17,1,6,1
-1,2014-06-08 00:00:00,Putney,H,W,Opp,180,8,,"Wilson 74, Springer 3-30, Sunkara 3-40",181,5,,"Middleton 52, Worthington 42*",40,40,8,0,6,6,18,6,7,5
-1,2014-06-15 00:00:00,LESSA,A,L,Opp,156,6,,"Feroz 48, Sharpe 2-24",103,10,,Feroz 4-12,29.1,35,9,1,5,2,3,0,13,2
-1,2014-06-22 00:00:00,Merstham,H,L,TOCC,191,8,,"Sharpe 64, Seymour 59",193,4,,Locke 60*,40,39.1,2,1,10,5,5,0,4,1
-1,2014-06-29 00:00:00,RACS,A,ND,TOCC,97,6,,Seymour 36*,,,,,28.3,0,0,0,0,0,4,0,0,1
-1,2014-07-06 00:00:00,Southbank,H,L,Opp,234,6,,Keaton 95,208,6,,"Springer 60, Driver 53",40,40,1,0,9,3,11,0,2,3
-1,2014-07-13 00:00:00,S Railway/Kenley,A,W,TOCC,191,5,,Springer 61,190,10,,Springer 4-17,40,38,8,0,9,3,9,0,6,1
-1,2014-07-20 00:00:00,LESSA,H,D,Opp,189,6,,Hall 93*,29,2,,,9,40,8,1,5,7,1,1,1,1
-1,2014-08-24 00:00:00,Norwood Exiles,H,L,Opp,221,4,,"Wilson 105*, Steel 58",191,8,,Ali 64,40,40,9,2,2,1,10,3,3,0
-1,2014-08-31 00:00:00,Sanderstead,A,L,TOCC,135,9,,Seymour 57*,137,2,,"Lemon 64*, Elleray 54*",40,32.2,8,2,2,0,11,1,14,3
-1,2014-09-07 00:00:00,Norwood,H,L,Opp,289,7,,"Saeed 107, Waqas 71",183,10,,,37,40,8,0,6,1,16,5,13,2
-1,2014-09-20 00:00:00,Living Word,H,W,Opp,231,6,,,232,6,,"Sharpe 80, Clarkson 56",34.3,35,13,1,11,0,12,0,6,1
-1,2008-04-27 00:00:00,John Fisher Lamgas,A,ND,TOCC,37,2,,,,,,,13,,,,,,3,1,2,0
-1,2008-05-11 00:00:00,Robinson Lakeside,H,L,Opp,182,7,,Middleton 5-30,129,10,,Middleton 57,38.3,37,16,0,2,1,12,2,6,2
-1,2008-05-24 00:00:00,Churchleigh,A,L,TOCC,95,10,,,96,3,,,38.5,16.1,4,0,0,0,10,9,4,0
-1,2008-06-01 00:00:00,Beddington,A,L,TOCC,155,10,,Middleton 48,156,8,,Singh 4-34,42.2,32.5,1,1,7,2,15,2,4,2
-1,2008-06-08 00:00:00,Vishwa,H,D,Opp,190,7,,Middleton 5-38,81,6,,,42,46,11,0,1,3,3,2,3,4
-1,2008-06-15 00:00:00,Sanderstead,A,L,Opp,230,5,,Banforth 102,136,10,,,39.2,40,10,4,5,2,25,12,3,0
-1,2008-06-21 00:00:00,Morden Corinthians,A,L,Opp,152,7,,Patel 51*,111,10,,Middleton 39,36.4,40,17,2,10,5,14,2,6,1
-1,2008-06-28 00:00:00,Orpington,H,W,TOCC,126,10,,,82,10,,Cooper 4-12,34.5,26.5,10,2,8,1,15,3,2,0
-1,2008-07-06 00:00:00,Norwood Exiles,A,L,TOCC,127,10,,,129,2,,,35.1,28.5,4,2,14,1,14,3,6,8
-1,2008-07-13 00:00:00,Statics,H,W,Opp,73,7,,,74,2,,,12.1,15,10,2,5,2,11,1,1,1
-1,2008-07-13 00:00:00,Old Josephians,H,W,TOCC,60,5,,,32,8,,,10,10,6,4,2,2,13,0,1,2
-1,2008-07-19 00:00:00,LESSA Wanderers,A,L,Opp,214,8,,"Feroz 97*, Seymour 5-45",55,10,,Macca 4-21,18.5,40,4,1,3,2,0,2,6,1
-1,2008-07-27 00:00:00,Norwood,H,D,Opp,182,6,,,166,7,,,41,44,11,1,4,7,12,5,9,2
-1,2008-08-03 00:00:00,Morden Corinthians,H,D,Opp,216,5,,Sayeed 112,88,7,,,26,35,6,1,5,3,1,6,5,1
-1,2008-08-10 00:00:00,John Fisher Lamgas,H,D,Opp,167,9,,Wright 4-41,50,6,,Aston 3-3,24.5,47.2,7,3,2,1,1,1,15,0
-1,2008-08-16 00:00:00,Kingstonian,A,W,Opp,101,9,,Clark 4-28,102,4,,Middleton 38*,28,31.4,8,2,6,2,12,0,0,1
-1,2008-08-24 00:00:00,Norwood Exiles,H,L,TOCC,129,10,,"Greyling 43, Somerville 4-20",130,6,,Somerville 52*,42,40.3,12,5,4,0,17,1,3,0
-1,2008-08-31 00:00:00,LESSA Wanderers,H,W,Opp,105,9,,Seymour 3-9,106,3,,Sharpe 63*,29,29.1,15,9,2,3,9,0,4,2
-1,2008-09-21 00:00:00,Sanderstead,A,L,TOCC,191,10,,Gibb 78,193,6,,"Stevenson R 79*, Knight O 57",44.3,36.1,18,5,8,3,22,1,3,3
-1,2007-04-29 00:00:00,John Fisher,H,D,Opp,245,5,,"Hardware 73, Sullivan 72, Lestrelle J 3-39",132,8,,"Leadley 51, Ashley 6-32",38,41,25,6,12,4,6,0,3,5
-1,2007-05-19 00:00:00,Riverside,H,D,Opp,190,4,,Jeavons 67,150,7,,Edghill 32,39,31.5,8,4,0,0,5,6,5,2
-1,2007-05-26 00:00:00,Churchleigh,A,ND,Opp,193,7,,Dyal 66,,,,,0,40,7,8,8,1,0,0,0,0
-1,2007-05-28 00:00:00,Steeple Langford,A,T,TOCC,141,5,,Edghill 46,141,8,,,35.2,35,11,2,16,1,8,7,5,1
-1,2007-05-29 00:00:00,Cove,A,L,Opp,192,2,,Woodhouse 4-14,131,8,,Edghill 58,45,45,8,1,4,5,9,8,2,1
-1,2007-06-03 00:00:00,Beddington,H,W,Opp,125,10,,Cooper 8-34,126,9,,Iceman 5-13,41,31.1,21,3,1,2,17,9,10,4
-1,2007-06-10 00:00:00,Vishwa,H,D,Opp,173,10,,Clark 6-35,150,8,,Middleton 50,42,31,12,0,5,4,6,1,1,4
-1,2007-06-17 00:00:00,Spencer,H,L,Opp,234,9,,"Nazeem 71, Cooper 4-59",95,10,,Dillingham 3-11,24.2,40,18,2,4,1,10,0,3,0
-1,2010-05-09 00:00:00,Beddington,A,W,Opp,188,9,,"Cheesman 89, Meredith 65, Dickson 3-49",192,6,,Sharpe 84,37.2,39,1,0,4,0,14,0,10,5
-1,2010-05-16 00:00:00,Sydenham,H,D,Opp,235,6,,"Trushan 70, Asad 65, Middleton 3-31",129,8,,Shah 4-14,26.1,30,11,0,6,0,4,0,9,4
-1,2010-05-23 00:00:00,Sanderstead,A,D,Opp,234,8,,"Singleton 60, Rushforth 56, Bowers 4-71",148,9,,"Middleton 65, Rushforth 3-26",40,42.5,3,1,11,6,7,6,5,2
-1,2010-05-30 00:00:00,Woodgreen,A,L,TOCC,179,6,,"Coloe 48, Naish D 4-18",180,4,,Naish D 50*,35,33.3,15,11,11,5,7,5,7,1
-1,2010-05-31 00:00:00,Steeple Langford,A,L,Opp,183,7,,"Smith 65, Phillips 2-14",98,10,,"Gibbs 39, McNeilly 3-18, Hill 3-18",28.4,40,11,0,14,1,6,4,6,2
-1,2010-06-06 00:00:00,Vishwa,H,L,Opp,236,10,,"Samir 120, Clarkson 3-54",54,10,,Patel S 3-2,21.4,39.4,17,7,6,2,6,3,0,1
-1,2010-06-13 00:00:00,Weybridge Vandals,A,D,Opp,327,3,,"Fenton 188, Sanderson 90*",181,4,,"Worthington 62, Edghill 44*",40,40,10,4,22,1,17,1,8,2
-1,2010-06-20 00:00:00,LESSA Wanderers,A,L,TOCC,160,7,,"Seymour 49*, Woodhouse 44, Wahid 4-46",161,7,,"Bishop 47, Clark 2-6",40,34.4,6,1,11,1,2,1,1,1
-1,2010-06-27 00:00:00,Bromley Town,A,W,Opp,107,10,,"Clark 4-13, Middleton 3-16",112,0,,"Sharpe 67*, Woodhouse 44*",19.5,37,1,12,0,3,0,0,1,0
-1,2010-07-04 00:00:00,Norwood Exiles,A,L,Opp,219,8,,"Jotanya 57*, Steel 49",196,10,,"Clarkson 59, Ahmed 6-33",37.5,40,19,2,7,6,8,4,7,3
-1,2010-07-11 00:00:00,Ockham,A,W,Opp,204,8,,Slater 80*,208,8,,"Middleton 55, Slater 3-47",38.3,40,11,12,10,1,17,3,5,3
-1,2010-07-18 00:00:00,Sthn Rlways & Kenley,A,L,Opp,120,10,,"Bulled 60, Middleton 4-14, Dickson 3-19",111,10,,"Nair 51, Hewitt 3-39",31.2,41,6,1,3,1,4,1,1,6
-1,2010-07-25 00:00:00,LESSA Christchurch,H,W,TOCC,247,7,,"Middleton 100*, Nair 42",122,10,,"Seymour 4-43, Nair 3-19",40,24.3,9,2,3,2,43,2,5,3
-1,2010-08-01 00:00:00,Seven Sports,A,L,TOCC,168,9,,"Leadley 65, Nair 55*, Johnson 3-16",172,2,,Johnson 109*,35,27.5,3,0,5,1,11,3,4,4
-1,2010-08-08 00:00:00,John Fisher Lamgas,H,W,Opp,143,9,,"Clark 2-13, Bowers 2-22",150,8,,Sunkara 35,38,33,16,4,14,3,6,1,15,4
-1,2010-08-15 00:00:00,YRG Eagles,A,W,TOCC,178,5,,"Nair 98, Middleton 44",112,10,,"Bowers 4-11, Middleton 3-8",30,25.1,14,0,3,0,8,2,3,3
-1,2010-08-22 00:00:00,Norwood Exiles,H,D,Opp,185,10,,"Wilson 68, Sharpe 3-20, Nair 3-28",139,7,,"Sharpe 68, Sommerville 4-28",44,43.5,11,0,7,2,3,0,6,3
-1,2010-08-29 00:00:00,LESSA Wanderers,A,W,Opp,141,9,,Beck 48,145,3,,"Sharpe 48, Middleton 33*",36.4,38,6,0,1,0,12,3,8,1
-1,2010-09-05 00:00:00,Churchleigh,H,W,Opp,145,10,,"de Alwis 51, Bowers 4-17",149,4,,"Rao 40, Middleton 35*",32.4,39,7,5,17,4,8,2,5,2
-1,2010-09-12 00:00:00,Sanderstead,A,W,Opp,200,6,,"Ward 77, Bull 68, Middleton 4-41",202,6,,"Middleton 81*, Sharpe 67",36.2,43,4,2,2,1,8,0,2,1
-1,2010-09-19 00:00:00,Cheam,A,D,Opp,226,5,,"Kington 75, Nair 2-27",223,7,,Rao 131*,41,44,15,1,10,2,1,3,7,0
-1,2005-05-21 00:00:00,Seven O,A,L,TOCC,68,9,,,70,2,,,33.1,19.1,1,0,0,0,3,3,3,0
-1,2005-05-01 00:00:00,John Fisher/Lamgas,A,L,Opp,195,9,,Clark 4-24,137,9,,Sharpe 36,40,40,10,0,3,1,7,4,6,3
-1,2005-05-08 00:00:00,Spencer,A,W,Opp,204,8,,Mander C 4-21,208,8,,Leadley 102*,39,40,9,0,12,1,12,11,4,4
-1,2005-05-15 00:00:00,Thurlow Park RAFA,H,W,TOCC,159,10,,Middleton 49,129,9,,Elliston 3-15,40,32.3,4,0,0,2,14,1,16,3
-1,2005-05-28 00:00:00,Old Alleynians,A,D,Opp,211,10,,Clark 4-25,183,9,,Woodhouse 48,40,42,13,5,1,2,20,2,5,4
-1,2005-05-29 00:00:00,Woodgreen,A,W,TOCC,208,8,,Stephens 100ret,137,9,,Stephens 3-26,40,40,7,3,12,2,2,2,6,9
-1,2005-05-30 00:00:00,Steeple Langford,A,D,TOCC,161,9,,Mander N 100ret,142,7,,,33,39,5,2,7,1,4,1,5,1
-1,2005-05-31 00:00:00,Cove,A,L,Opp,161,10,,Clark 3-15,125,10,,Leadley 47,37.3,43.3,7,0,20,1,5,4,9,0
-1,2005-06-04 00:00:00,Central YMCA,H,D,TOCC,195,9,,,72,6,,Cooper 6-33,43,41,6,0,4,1,23,1,10,4
-1,2005-06-11 00:00:00,Churchleigh,A,T,TOCC,95,10,,,95,10,,"Sudesh 4-15, Clark 4-21",27.4,25.2,4,0,2,1,24,5,2,2
-1,2005-06-12 00:00:00,Giltec,H,W,Opp,208,9,,,212,4,,Mander N 154*,33.2,37.1,12,2,13,5,8,1,4,2
-1,2005-06-18 00:00:00,Seven O,H,D,Opp,179,10,,Bowers 3-27,167,9,,Coloe 49,41,41,10,2,4,2,14,9,9,6
-1,2005-06-25 00:00:00,Riverside,A,L,TOCC,100,9,,Clark 43,102,5,,Sudesh 3-11,31,24.1,19,0,5,2,6,0,4,1
-1,2005-07-02 00:00:00,Central YMCA,A,W,Opp,98,10,,Cooper 3-13,100,4,,Murphy 50*,29.3,32.2,12,12,9,0,4,0,5,0
-1,2005-07-03 00:00:00,Norwood Exiles,H,L,Opp,267,8,,,227,10,,"Sudesh 60, Leadley 59",38.2,40,29,5,9,2,26,19,8,3
-1,2005-07-09 00:00:00,Sanderstead,A,W,TOCC,155,9,,Leadley 42,66,9,,Bowers 3-4,41,23.1,2,0,0,0,20,1,3,3
-1,2005-07-16 00:00:00,Old Josephians,A,D,Opp,231,5,,Gaughn 105,151,6,,Brocks 59*,41,39.3,19,0,23,2,10,0,13,8
-1,2005-07-17 00:00:00,Old Josephians,H,L,Opp,205,7,,Cooper 4-28,87,10,,,21.4,35,14,7,3,0,7,1,17,1
-1,2005-07-23 00:00:00,Leigh,A,D,Opp,196,2,,Cox 100*,126,7,,,39,40,6,0,2,3,10,8,26,6
-1,2005-07-24 00:00:00,Cheam,A,L,TOCC,189,10,,Clark 51*,190,7,,,38.4,36.1,3,0,7,2,9,0,0,2
-1,2005-08-06 00:00:00,Four Cs,H,W,TOCC,234,4,,"Leadley 84, Brocks 62*, Worthington 50",63,9,,Wiseman 5-13,40,18.1,8,0,9,1,21,2,8,5
-1,2005-08-07 00:00:00,Addington,H,L,Opp,220,9,,Cooper 3-37,36,8,,,16.1,40,16,1,1,3,0,1,1,0
-1,2005-08-13 00:00:00,Riverside,H,ND,TOCC,170,9,,Leadley 73,,,,,40,0,0,0,0,0,5,1,5,5
-1,2005-08-21 00:00:00,East Sheen & St Helier,H,L,TOCC,103,9,,,104,6,,,29.3,30.5,4,0,9,5,8,0,12,1
-1,2005-08-28 00:00:00,Four Cs,A,L,Opp,223,5,,Lestrelle J 3-23,117,8,,Leadley 41,24.4,30,12,0,4,4,10,0,7,9
-1,2005-09-04 00:00:00,Old Wimbledonians,A,D,Opp,171,7,,,100,8,,,40,41,10,2,6,2,11,3,10,1
-1,2005-09-11 00:00:00,Pretenders,H,W,Opp,179,4,,,177,4,,Mander N 75,33.4,35,6,0,2,1,10,11,4,5
-1,2005-09-17 00:00:00,Malden Wanderers,H,L,Opp,233,4,,,83,9,,,27,40,5,0,8,2,20,1,4,2
-1,2013-04-28 00:00:00,Sanderstead,H,L,TOCC,186,6,,"Sharpe 68, Springer 50*",187,6,,"Rushforth 45, Ward T 41",40,39,9,2,12,1,21,3,7,5
-1,2013-05-05 00:00:00,Churchleigh,A,W,TOCC,206,9,,"Middleton 43, Asif 3-16",157,10,,Asif 87,40,31,1,0,4,0,12,13,26,2
-1,2013-05-12 00:00:00,Beddington,H,W,Opp,152,6,,Shiv 54,155,5,,"Clarkson 60, Green 3-31",26.2,40,4,0,5,0,11,0,3,0
-1,2013-05-19 00:00:00,Shades,A,L,Opp,249,7,,Gerald 116. Edghill C 2-0,235,7,,"Springer 102, Brocks 54",40,40,17,2,9,4,2,1,16,7
-1,2013-05-25 00:00:00,Fonthill Park,A,W,Opp,135,9,,Middleton 3-17,137,7,,Leadley 30*,25.4,35,3,0,2,8,13,0,3,3
-1,2013-05-26 00:00:00,Woodgreen,A,W,Opp,129,9,,"Mander A 3-23, Edghill D 2-25",133,2,,Middleton 54*,20,35,20,1,3,3,2,0,2,1
-1,2013-05-27 00:00:00,Steeple Langford,A,W,Opp,88,10,,Clark 4-2,92,6,,Hill 3-21,22.3,30.3,3,1,4,3,7,0,2,2
-1,2013-06-02 00:00:00,LESSA Wanderers,H,L,Opp,165,8,,"Brown 70, Leadley 3-13",117,9,,"Middleton 52, Feroz 3-19",35.5,35,2,6,5,4,11,0,5,0
-1,2013-06-09 00:00:00,Worcester Park,H,W,Opp,138,9,,Seymour 6-25,139,1,,"Sharpe 94*, Edghill D 31*",26.1,43,4,0,5,2,1,2,8,2
-1,2013-06-16 00:00:00,LESSA Wanderers,H,L,TOCC,132,9,,Feroz 3-19,134,5,,Edghill C 3-20,40,29.5,7,0,0,2,16,0,16,1
-1,2013-06-30 00:00:00,RACS,A,W,Opp,229,4,,Donelly 115,230,6,,"Stevenson 64*, Springer 53",38,39.5,6,5,6,7,2,2,4,0
-1,2013-07-07 00:00:00,Vishwa,H,L,Opp,216,10,,"Asim 66, Prashant 55, Seymour 3-65",132,9,,,28.2,33,12,0,10,1,4,0,0,3
-1,2013-07-14 00:00:00,Southern Railway,A,L,Opp,235,6,,George 106,177,10,,Driver 60,28,40,24,2,11,3,13,1,2,3
-1,2013-07-21 00:00:00,Statics,H,W,TOCC,231,7,,"Driver S 64, Sharpe 61, Vinay 3-23",211,9,,"Duggal 91, Singh V 56, Middleton 3-33",39,37.4,17,4,13,2,10,2,8,6
-1,2013-07-28 00:00:00,Southbank,A,W,TOCC,199,7,,"Brocks 48, Sharpe 45",143,10,,"Thorten 55, Edghill D 4-33, Sharpe 3-12",40,39.2,2,1,3,0,13,0,8,5
-1,2013-08-04 00:00:00,Eltham,A,W,Opp,152,9,,"Fisher 61, Bisley 66, Seymour 4-49",155,5,,"Springer 66*, Sharpe 59",24.5,42,10,0,4,3,4,0,5,2
-1,2013-08-11 00:00:00,Dulwich,A,W,TOCC,174,10,,"Swanson B 4-18, Ebert 4-24",125,7,,Springer 4-31,43.5,35,3,0,15,4,6,3,13,1
-1,2013-08-18 00:00:00,Beddington,A,L,TOCC,201,4,,Seymour 84,203,7,,Seymour 3-40,41,39,13,2,9,8,8,1,0,3
-1,2013-08-25 00:00:00,Norwood Exiles,H,W,Opp,151,8,,"Wilson 52, Edghill D 3-30",152,6,,Middleton 47*,38.4,40,12,0,3,0,12,6,4,0
-1,2013-09-01 00:00:00,Sanderstead,A,L,Opp,225,3,,"Lemon 81*, Lock 54*",189,7,,Middleton 53,40,40,2,5,1,1,11,0,7,4
-1,2013-09-08 00:00:00,Chadwick,H,D,TOCC,221,10,,"Clarkson 43*, Malik 3-22",129,5,,"Thornton 52, Lennon 52",42,37,4,1,3,5,19,0,17,13
-1,2013-09-22 00:00:00,Bromley Town & Old Bromley,A,W,TOCC,159,7,,"Springer 49*, Graham 3-19",20,10,,Springer 6-2,40,9.3,3,0,1,0,19,11,10,4
-1,2011-04-24 00:00:00,LESSA Wanderers,H,W,Opp,140,9,,,144,2,,"Sharpe 69*, Naeem 67*",22,39.2,9,0,6,7,1,0,4,2
-1,2011-05-08 00:00:00,Beddington,H,L,TOCC,130,10,,"Middleton 42, Horkan 3-20",131,2,,Sinfield 60*,35.1,26.3,3,1,8,4,2,1,15,5
-1,2011-05-14 00:00:00,Cheam,A,L,Opp,221,7,,"Crust 77, Fisher 64, Clark 4-20",195,7,,"Seymour 63, Rao 49",40,40,7,0,5,5,10,4,13,0
-1,2011-05-22 00:00:00,Sanderstead,H,L,Opp,208,4,,"Rushforth R 54, Lemon 50, Mustafa 4-44",147,10,,"Middleton 35, Mustafa 33, Knight 3-9",29.1,41,14,2,15,1,2,5,7,2
-1,2011-05-28 00:00:00,Churchleigh,A,L,TOCC,72,10,,"Sharpe 33, Wilkinson 3-7",75,7,,Shewan 3-14,19.2,15.1,0,0,4,2,5,1,2,3
-1,2011-05-29 00:00:00,Steeple Langford,A,W,Opp,143,10,,"Mundy N 71*, Sharpe 4-25",146,2,,"Sharpe 51, Seymour 35*, Lestrelle J 30*",26.1,40,8,1,4,1,1,2,11,4
-1,2011-05-30 00:00:00,Woodgreen,A,W,TOCC,135,4,,"Gibbs 65, Sharpe 34, Waters 3-31",120,5,,Cousins 54*,15,15,3,1,3,0,4,1,2,1
-1,2011-05-31 00:00:00,Cove,A,D,Opp,194,7,,"Hartley 45, Gudge 44, Mander A 4-67",100,8,,Thorogood 3-25,35,36.5,1,0,5,0,4,1,1,6
-1,2011-06-05 00:00:00,Carshalton,H,ND,Opp,235,9,,"Hall 49, Middleton 3-46",,,,,0,40,7,3,17,4,0,0,0,0
-1,2011-06-19 00:00:00,Cheam,A,L,TOCC,122,9,,Bracher 4-55,124,0,,Henry 85*,36.3,17.3,2,0,1,0,10,3,3,2
-1,2011-06-26 00:00:00,John Fisher,H,L,Opp,138,9,,"Bhatti 52*, Clark 4-21",136,10,,Middleton 47,39,33.3,10,3,4,4,14,6,6,5
-1,2011-07-03 00:00:00,Norwood Exiles,A,W,Opp,152,10,,"Steel 37, Vashisthta 5-24",153,1,,"Woodhouse 51*, Seymour 44, Rao 32*",26.5,38,21,0,7,6,12,2,8,4
-1,2011-07-10 00:00:00,South Railways & Kenley,A,W,Opp,134,10,,"Smith T 52, Mustafa 5-27",138,4,,Sharpe 62,26.2,29.2,7,3,8,7,17,0,7,3
-1,2011-07-24 00:00:00,RACS,A,L,Opp,215,3,,"Bennington 93, Donnelly 60",141,10,,"Nair 43*, Donnelly 3-12",32.1,40,8,6,1,6,10,2,0,4
-1,2011-07-31 00:00:00,Carlton Sports,H,W,Opp,173,7,,Luxford 53*,177,3,,"Sharpe 85, Sunkara 44",29.2,40,2,6,8,11,4,2,6,1
-1,2011-08-07 00:00:00,West One,H,L,Opp,259,3,,"Zonneveld 118*, Joubert 86",181,10,,,40,40,10,1,14,2,15,0,10,5
-1,2011-08-14 00:00:00,Beddington,A,W,Opp,130,9,,Seymour 5-36,137,3,,Rao 46*,33,40,2,0,2,1,5,8,3,2
-1,2011-08-21 00:00:00,Norwood Exiles,H,L,Opp,216,6,,Wilson J 98,92,10,,Patel 4-30,24.1,40,3,3,7,2,18,4,3,1
-1,2011-08-28 00:00:00,LESSA Wanderers,H,L,TOCC,111,9,,"Edghill D 36, Glancy 3-11",112,3,,Brown 74*,35,25.4,3,2,1,0,6,1,5,1
-1,2011-09-04 00:00:00,Churchleigh,H,L,Opp,150,2,,Lordan W 80,112,9,,"Clarkson 49, Woolgar J 3-19",18.2,20,7,0,6,3,15,2,3,1
-1,2011-09-11 00:00:00,Sanderstead,A,L,Opp,198,7,,Ward T 83,138,10,,"Middleton 86, Latif 3-12",35.4,44.2,14,2,0,2,10,0,9,0
-1,2011-09-18 00:00:00,St Mary Cray,A,W,Opp,117,10,,"Nair 3-16, Singh G 3-5",118,4,,Seymour 36*,31,38.4,12,3,6,4,13,0,7,0
-1,2011-09-25 00:00:00,Bromley Town & Old Bromley,A,W,Opp,175,10,,"Drinkwater 57, Seymour 7-27",177,7,,Middleton 47*,39.3,38.2,27,2,5,0,4,3,7,2
-1,2004-05-01 00:00:00,Caribbean,H,L,Opp,179,8,,Bowers 4-19,143,9,,,30,30,27,1,5,0,8,1,14,0
-1,2004-05-02 00:00:00,John Fisher,H,L,TOCC,129,10,,"Lestrelle J 32, McCarthy 4-17",131,8,,Lestrelle A 3-29,43,32.1,16,1,5,0,6,3,4,0
-1,2004-05-16 00:00:00,Thurlow Park RAFA,H,L,Opp,146,10,,Osbourn 51,130,8,,Mander N 78,31.1,36.3,6,8,7,3,5,2,3,0
-1,2004-05-23 00:00:00,Addiscombe,H,W,Opp,169,8,,Butlin 64,170,8,,Leadley 74,37,40,12,1,10,2,2,2,7,3
-1,2004-05-29 00:00:00,Old Alleynians,A,L,TOCC,198,4,,,199,9,,,40.4,43.3,,,,,,,,
-1,2004-05-30 00:00:00,Woodgreen,A,W,TOCC,119,10,,,79,10,,,27.2,33.1,,,,,,,,
-1,2004-05-31 00:00:00,Steeple Langford,A,W,TOCC,167,1,,,,,,,,,,,,,,,,
-1,2004-06-01 00:00:00,Cove,A,L,,,,,,,,,,,,,,,,,,,
-1,2004-06-05 00:00:00,Norwood Exiles,,L,Opp,163,10,,,147,3,,,,,,,,,,,,
-1,2004-06-12 00:00:00,Spencer,,W,Opp,82,6,,,83,4,,,,,,,,,,,,
-1,2004-06-19 00:00:00,Churchleigh,,W,TOCC,132,9,,,129,10,,,,,,,,,,,,
-1,2004-06-26 00:00:00,Riverside,A,L,Opp,161,6,,,124,8,,,,,,,,,,,,
-1,2004-07-02 00:00:00,Central YMCA,A,W,Opp,,,,,113,2,,,,,,,,,,,,
-1,2004-07-10 00:00:00,Sanderstead,A,D,Opp,110,8,,,14,1,,,,,,,,,,,,
-1,2004-07-17 00:00:00,Old Josephians,A,L,TOCC,127,10,,,128,9,,,,,,,,,,,,
-1,2004-07-31 00:00:00,Old Josephians,H,L,TOCC,167,10,,,170,8,,,,,,,,,,,,
-1,1999-05-02 00:00:00,Commonwealth Offices,H,D,Opp,184,9,,,155,8,,,36.3,32.2,4,1,5,4,4,0,5,3
-1,1999-05-08 00:00:00,Legless 11,H,W,Opp,141,9,,"Williams 66, Clark 3-39",142,6,,"Dugdale 39*, Leadley 37",30.4,32.1,2,0,1,1,9,1,3,4
-1,1999-05-09 00:00:00,Falcon,A,L,TOCC,117,10,,"Porter 33, Broughton 4-28",118,7,,Langridge 69*,36,39.2,1,2,4,1,1,0,4,4
-1,1999-05-09 00:00:00,Norwood Exiles,H,W,TOCC,179,9,,"Cooper G 58, Reid 49",89,10,,Sharpe 7-18,46,34.2,8,2,0,0,0,0,0,0
-1,1999-05-15 00:00:00,Riverside,A,W,Opp,117,10,,"Mander A 2-3, Springer 2-9",119,7,,Springer 50,28.5,41,13,0,9,3,12,6,2,3
-1,1999-05-16 00:00:00,Thurlow Park RAFA,H,L,Opp,200,5,,Ives 81*,59,10,,Bailey 4-21,29.4,44,11,1,3,4,4,0,8,1
-1,1999-05-22 00:00:00,Deansbank,H,L,Opp,143,9,,"Reade 52, Morris 4-29",88,9,,,27.5,32.4,3,1,7,4,5,0,18,0
-1,1999-05-23 00:00:00,Unis 1st 6,H,W,TOCC,226,6,,Springer 98,87,10,,"Porter 3-17, Hill 36*",36,24.3,8,2,5,0,16,5,6,0
-1,1999-05-23 00:00:00,Wild Geese Exiles,A,D,Opp,193,7,,Knox 102*,140,7,,Dugdale 51,38,44,0,0,0,0,0,0,0,0
-1,1999-05-30 00:00:00,Woodgreen,A,W,TOCC,223,7,,Sharpe 81,85,10,,Reid 4-15,30,22.5,7,1,3,0,6,0,3,6
-1,1999-05-31 00:00:00,Steeple Langford,A,D,TOCC,173,8,,"Mander C 39, Clark C 37*",137,8,,"Cooper G 6-36, Emm 48",40,37,1,3,9,2,8,1,8,3
-1,1999-06-01 00:00:00,Cove,A,L,Opp,148,6,,"Lynch 89*, Mander A 3-24",88,11,,Woodhouse 21,32.2,41,3,0,3,1,9,2,9,1
-1,1999-06-06 00:00:00,Corner Pin,H,D,TOCC,171,7,,"Patel 53*, Dugdale 25",58,3,,,40,39,4,0,1,0,9,3,2,1
-1,1999-06-12 00:00:00,Blackheath Select XI,A,D,TOCC,114,9,,"Mander A 34, Worthington 24",58,5,,Young 5-26,36,18,0,0,1,0,2,2,8,2
-1,1999-06-13 00:00:00,4 C's,H,D,TOCC,144,4,,,133,8,,,,,0,0,0,0,0,0,0,0
-1,1999-06-19 00:00:00,Midland Bank IV,H,D,TOCC,216,3,,"Leadley 99, Dugdale 49, Sharpe 45",105,9,,"Morris 3-11, Young 3-16",32,38,14,2,8,2,4,2,2,2
-1,1999-06-20 00:00:00,Addington,A,D,Opp,165,7,,"De Mel M 61, Elliston 2-8",121,7,,"Mander C 30, Blackman 3-6",39,47,3,1,14,10,4,0,13,6
-1,1999-06-27 00:00:00,Sunderland Supporters,H,W,Opp,106,9,,Nichol 30,107,5,,Coloe 39,26,36,1,0,11,1,3,1,4,0
-1,1999-07-03 00:00:00,Churchleigh,A,L,TOCC,182,10,,"Mander A 61*, Mander N 24",184,5,,Wilkinson 62,38.2,32,1,0,1,1,7,1,18,4
-1,1999-07-04 00:00:00,Murray,A,L,TOCC,189,7,,"Howe 43, Nadeem 3-23",190,6,,Vagg 83,48,39.3,8,0,10,5,1,1,2,4
-1,1999-07-10 00:00:00,Wandsworth Gods,H,W,Opp,162,10,,"Worthy J 4-35, Mander A 4-65",163,4,,"Dugdale 86*, Mander N 47",31.2,37.5,13,0,1,4,11,2,0,1
-1,1999-07-17 00:00:00,Legless 11,A,W,TOCC,266,5,,"Hawksworth 73*, Leadley 64, Hamilton 40",209,10,,"Williams 70, Roodenburgh 59, Mander A 3-19",33.4,40,13,0,4,7,14,2,0,7
-1,1999-07-18 00:00:00,Falcon,H,D,TOCC,223,7,,"Mander C 51*, Leadley 37, Afonso 35",109,9,,Springer 4-15,42,36,7,5,0,4,4,3,9,0
-1,1999-07-24 00:00:00,Lessa Wanderers,A,D,Opp,205,10,,Beck 57*,136,6,,"Worthy J 41*, Mander N 31*",35,37.2,1,0,1,3,15,2,9,2
-1,1999-07-25 00:00:00,Blendon,H,L,TOCC,97,10,,"Leadley 59, Power 7-40",99,7,,Mander A 3-13,28.4,36.2,2,1,5,2,2,0,2,3
-1,1999-08-01 00:00:00,Whyteleaf,A,L,Opp,186,7,,"Jas 100*, Shewan 3-33",165,9,,"Springer 78*, Snow 31, Leadley 30",35.4,37.3,5,0,8,4,3,1,6,4
-1,1999-08-14 00:00:00,Riverside,H,L,Opp,130,9,,"Mander A 5-19, Gordon 35",47,9,,"Lum 6-32, Young 17",15.5,37.2,6,1,5,2,8,3,0,0
-1,1999-08-15 00:00:00,Hextable,H,L,Opp,199,5,,Haynes 72,140,10,,Springer 87*,32.4,47,4,0,4,3,3,2,1,1
-1,1999-08-28 00:00:00,Old Paulines,A,D,Opp,195,6,,"Abrahams 74, Springer 2-37",111,8,,Springer 29,37,43.3,2,2,4,2,2,3,2,0
-1,1999-08-29 00:00:00,Blendon,A,D,Opp,224,7,,"Croft 81, Hopton 60",90,4,,,46,40,6,0,5,0,2,0,9,3
-1,1999-09-04 00:00:00,Lessa Wanderers,H,L,TOCC,99,10,,"Woodhouse 21, Mander A 21",100,4,,,38.3,31.4,2,0,0,2,2,0,14,2
-1,1999-09-05 00:00:00,Selsdon,H,D,Opp,198,3,,"Meillio 100, Singh 50*",195,3,,Hamilton 75*,39,34,5,1,1,0,3,1,5,5
-1,1999-09-11 00:00:00,Prospect Park,H,D,Opp,183,2,,"Harbert 69, Fletcher 63, Shewan 1-14",142,5,,"Mander C 45, Hamilton 42",39,41,3,1,13,1,1,0,4,1
-1,1999-09-12 00:00:00,East Cheam,H,D,Opp,223,4,,"Herneman 88, Smart 66",154,7,,"Snow 44, Lestrelle 34",38,43,0,1,13,3,14,4,9,0
-1,1999-09-18 00:00:00,Orpington,H,L,Opp,209,5,,"Atkinson 68*, Clark C 2-31",43,10,,Ingram 4-5,18.5,42,0,0,3,7,2,1,2,2
-1,1999-09-19 00:00:00,Murray,H,W,Opp,102,10,,Cooper G 5-26,103,9,,"Leadley 49, Toms P 5-28",37.5,33,1,1,0,0,5,0,8,1
-1,2012-05-13 00:00:00,Beddington,H,L,TOCC,114,10,,"Springer 38, Middleton 33, Cooper S 5-41",116,2,,Trigwell 55,30,28.1,8,1,6,0,2,0,1,2
-1,2012-05-20 00:00:00,Lettsom XI,A,L,Opp,278,5,,"Sam P 113, Charlie D 106",211,8,,Sharpe 86,40,39.2,8,1,4,0,20,1,18,6
-1,2012-05-27 00:00:00,Sanderstead,H,D,TOCC,251,6,,"Middleton 101, Springer 76",210,4,,"Rushforth R 94*, Elleray S 56",46,41,9,1,2,1,4,4,7,3
-1,2012-06-02 00:00:00,Fonthill Park,A,L,Opp,178,8,,"Street 53, Springer 3-11, Seymour 3-17",176,7,,Springer 65,35,35,12,11,6,2,13,2,3,1
-1,2012-06-03 00:00:00,Woodgreen,A,L,TOCC,151,7,,Springer 59,152,4,,Harding 51,30,20,9,1,1,2,6,3,6,3
-1,2012-06-04 00:00:00,Steeple Langford,A,W,Opp,120,10,,Seymour 5-10,122,4,,,34.3,27,9,7,2,1,16,5,2,0
-1,2012-06-05 00:00:00,Cove,A,ND,Opp,50,2,,,,,,,0,7,1,0,0,1,0,0,0,0
-1,2012-06-10 00:00:00,Shades,H,L,TOCC,129,10,,"Rao 30, Hilton F 3-15, Sain 3-16",130,7,,Seymour 3-30,29.1,24,1,1,0,2,3,1,5,9
-1,2012-06-17 00:00:00,LESSA Wdrs,A,W,Opp,105,8,,Sunkara 4/3,106,4,,Rao 30,31,35,8,0,3,2,8,0,6,1
-1,2012-06-24 00:00:00,Bromley Town & OB,H,W,TOCC,234,10,,"Middleton 67, Rao 56",73,10,,Sunkara 3-3,40,24.2,10,0,6,1,30,4,0,4
-1,2012-07-01 00:00:00,RACS,A,L,Opp,140,10,,Seymour 4-46,128,10,,"Springer 44, Dashti 3-25, Donnelly 3-33",36.4,39.2,6,2,9,1,13,0,4,4
-1,2012-07-15 00:00:00,Sthn Rlways & Kenley,A,L,Opp,179,6,,Seymour 3-26,141,10,,"Middleton 66, Dijali 3-8",35.5,40,8,1,1,1,7,0,0,1
-1,2012-07-22 00:00:00,Shades,A,L,TOCC,46,10,,"Edghill R 24, Cooper H 4-3",48,6,,Sunkara 4-8,21,18,3,0,1,0,4,0,8,0
-1,2012-08-12 00:00:00,LESSA Wdrs,H,L,Opp,171,8,,"Brown 75, Leadley 3-38",138,10,,Leadley 66,38.5,39.2,17,0,0,7,7,0,8,1
-1,2012-08-19 00:00:00,Beddington,A,L,TOCC,138,9,,"Sharpe 49, Hargreaves 3-20",142,3,,McGelliott 68,31,21.4,4,0,4,2,6,1,4,2
-1,2012-08-26 00:00:00,Norwood Exiles,H,W,Opp,72,10,,Vashishtha 4-5,75,3,,,19,29.4,11,3,1,2,6,2,11,0
-1,2012-09-02 00:00:00,Sanderstead,A,D,Opp,211,9,,"Bull R 89, Springer 3-29",185,8,,"Sharpe 51, Elleray 4-39",40,45,4,0,5,2,12,0,12,0
-1,2012-09-09 00:00:00,Chadwick,H,D,TOCC,279,3,,"Sharpe 120, Springer 104*",134,7,,Edghill D 3-30,38,38,9,2,9,12,2,1,2,1
-1,2012-09-16 00:00:00,Statics,H,L,TOCC,109,10,,"Sachin 3-12, Nilesh 3-12",112,5,,Salesh 66,29.2,18,0,0,0,2,4,0,21,1
-1,2006-04-30 00:00:00,John Fisher,H,L,Opp,225,8,,"Byrne 109, Middleton 3-51",80,10,,"Lestrelle J 32, McCarthy 30-5",32.4,44,10,1,0,1,9,1,8,0
-1,2006-05-07 00:00:00,Spencer,A,L,Opp,206,6,,"Nielsen 70, Jaffri 60",146,10,,Leslie 5-31,36.5,40,9,5,0,3,5,4,9,4
-1,2006-05-28 00:00:00,Woodgreen,A,L,TOCC,175,7,,Brocks 44,176,7,,"Grant 80,Naish 68,Lestrelle J 3-10,Leadley 3-20",40,38.4,8,0,4,2,12,8,7,2
-1,2006-05-29 00:00:00,Steeple Langford,A,L,TOCC,137,10,,"Sharpe 49, Dennis 4-13",103,6,,Clark 4-21,38.3,22.1,0,0,5,2,12,2,8,0
-1,2006-05-30 00:00:00,Cove,A,L,Opp,193,6,,Short 147,151,10,,,39.1,40,5,1,1,0,15,3,5,0
-1,2006-06-04 00:00:00,Beddington,H,L,Opp,149,8,,Cooper 3-27,115,10,,"Middleton 32, Waleed 3-18",36.2,40,10,6,4,6,17,5,2,5
-1,2006-06-11 00:00:00,Vishwa,A,L,TOCC,78,10,,"Cooper 43, Samir 4-14",81,2,,Brocks 2-19,37.5,16.4,2,0,9,0,3,0,1,2
-1,2006-06-18 00:00:00,Whyteleaf,A,L,Opp,293,8,,"Roodt 67, Udall 63*, Morris 62",76,10,,Dutton 5-26,32.5,39,4,2,9,5,7,6,0,2
-1,2006-06-24 00:00:00,Seven-O,H,D,Opp,207,7,,"Wakely 59, Cooper 5-28",170,7,,Sharpe 70,37,37,14,0,8,1,7,5,9,1
-1,2006-07-09 00:00:00,Norwood Exiles,A,D,Opp,218,9,,"Raja 59, Beechey 57*",158,8,,"Middleton 50, Beechey 3-11",37,40,10,3,9,5,12,1,7,1
-1,2006-07-15 00:00:00,Sanderstead,H,L,Opp,174,9,,Cooper 5-26,163,10,,Worthington 58,31.5,42,19,6,4,2,6,2,8,0
-1,2006-07-22 00:00:00,LESSA Wanderers,A,W,Opp,61,10,,Cooper 9-7,62,7,,,20.4,28.5,7,1,3,1,3,4,5,1
-1,2006-07-29 00:00:00,Cheam,A,L,Opp,208,6,,"Caddy 89*, Crust 54",139,10,,Henry 3-14,38,42,11,1,0,1,9,11,8,1
-1,2006-08-05 00:00:00,4Cs,H,L,Opp,240,10,,"Nikhil 53, Cooper 4-38",137,10,,,36.4,37.5,11,0,6,1,32,4,0,0
-1,2006-08-27 00:00:00,4Cs,A,L,TOCC,125,10,,Sharpe 67,127,3,,Nikhil 69*,33.1,16.3,10,3,0,0,24,0,0,8
-1,2006-09-02 00:00:00,LESSA Wanderers,H,L,Opp,217,6,,Richards 73,143,7,,"Worthington 39, Beck 3-22",35,35,36,4,5,6,27,1,4,2
-1,2006-09-09 00:00:00,Sanderstead,A,L,Opp,254,9,,"Stevenson 61, Penfold 57",171,10,,Coloe 55,44.4,45,11,3,8,1,15,2,17,8
-1,2006-09-16 00:00:00,Malden Wanderers,A,L,Opp,254,7,,Boudville 66,55,10,,,24,40,5,1,5,2,7,0,5,2
-1,2006-09-23 00:00:00,Sanderstead,A,W,Opp,92,10,,"Clark 4-13, Cooper 4-14",93,5,,Edghill 37*,43.2,45.4,12,11,2,0,14,7,2,0
-1,2016-04-24 00:00:00,Deando Ruxley,A,W,Opp,147,10,,,148,6,,Springer 96*,37.5,40,3,1,3,3,2,0,1,3
-1,2016-05-01 00:00:00,Woodgreen,H,W,TOCC,198,6,,Seymour 86*,166,8,,Nash S 81*,35,35,12,4,8,4,5,1,10,4
-1,2016-05-08 00:00:00,Spencer,H,L,Opp,230,4,,Nagri A 67,152,10,,Sharpe 62,32.4,40,3,1,1,1,2,6,15,9
-1,2016-05-15 00:00:00,Churchleigh,H,W,TOCC,221,9,,Sharpe 117,93,10,,Mander A 3-0,40,32.5,17,0,1,0,14,4,9,6
-1,2016-05-22 00:00:00,Eltham,A,W,Opp,85,10,,Tapadar S 4-4,86,5,,,31.1,35.1,4,0,4,3,5,2,2,1
-1,2016-05-29 00:00:00,Woodgreen,A,W,TOCC,186,9,,,136,8,,,35,35,4,4,4,1,0,0,1,3
-1,2016-05-30 00:00:00,Steeple Langford,A,W,Opp,206,7,,,209,3,,"Sharpe D 69, Gibbs A 51",34.3,35,3,0,8,0,2,0,13,4
-1,2016-06-05 00:00:00,Richmond Legbreakers,H,W,TOCC,206,7,,"Niran 68, Seymour C 53, Castle D 50*",141,9,,Seymour 5-30,40,36.2,0,6,6,1,7,0,4,1
-1,2016-06-19 00:00:00,Giltec,H,L,Opp,191,10,,"Springer 4-36, Jibran 58",170,7,,,40,39.5,8,2,3,1,15,1,3,1
-1,2016-07-03 00:00:00,Southbank,H,L,Opp,217,4,,Thornton 95*,198,7,,Sharpe 59,40,40,1,0,3,1,19,1,7,3
-1,2016-07-10 00:00:00,Woodmansterne,A,W,Opp,205,4,,,209,1,,"Sharpe 80*, Springer 93*",36.1,40,5,1,2,1,8,0,5,6
-1,2016-06-17 00:00:00,Lessa Wanderers,H,W,Opp,174,7,,Bhatt 108*,175,4,,,31,40,6,2,9,6,2,3,1,4
-1,2016-07-24 00:00:00,Southbank,A,L,Opp,295,4,,"Thornton 101, Nelson 72*",62,10,,Fawkes 4-6,27,40,15,2,2,1,3,0,2,1
-1,2016-07-31 00:00:00,Earlswood Strollers,A,L,Opp,262,6,,,259,9,,Driver 51,40,40,10,0,2,6,10,0,16,2
-1,2016-08-07 00:00:00,SW United,H,W,Opp,164,10,,,168,5,,Viveganandan 87*,27,32.3,12,0,6,2,16,2,11,2
-1,2016-08-14 00:00:00,Sutton Challengers,A,W,Opp,179,10,,Seymour 4-16,180,9,,,39.2,36.2,12,4,5,1,7,5,8,1
-1,2016-08-21 00:00:00,Norwood Exiles,H,W,TOCC,189,10,,Viveganandan 77,156,10,,Bhatt 4-26,37.4,37.5,0,1,4,1,7,5,13,3
-1,2016-09-04 00:00:00,Beddington,A,W,TOCC,234,5,,Springer 95*,146,8,,,40,40,15,1,2,0,29,4,12,3
-1,2016-09-11 00:00:00,Giltec,A,W,Opp,90,10,,Bhatt 4-28,93,2,,,25.1,30,0,0,1,4,2,2,7,0
-1,2016-09-18 00:00:00,Sanderstead,H,L,Opp,173,9,,,139,10,,,35.2,40,8,0,6,2,9,1,16,2
-1,2016-09-25 00:00:00,Woldingham Village,A,W,TOCC,233,5,,"Springer 102*, Bhatt 64",152,8,,,40,37.2,4,0,5,3,5,5,13,3
-1,2019-04-28 00:00:00,Worcester Park,H,W,TOCC,226,10,,"Middleton 55, Lilley 4-24",189,10,,"Rivenell 57, Springer 3-16",39.4,39.3,1,1,8,1,9,8,5,2
-1,2019-05-05 00:00:00,Woodgreen,H,L,Opp,209,8,,Lawrence 80*,170,3,,Springer 62,35,35,5,3,2,1,2,1,8,0
-1,2019-05-19 00:00:00,Streatham,H,L,TOCC,185,9,,,186,7,,,40,35.1,5,1,6,0,11,2,9,6
-1,2019-05-25 00:00:00,Fonthill Park,A,W,TOCC,213,6,,Springer 90*,120,8,,,40,40,5,1,4,0,23,1,3,3
-1,2019-05-26 00:00:00,Woodgreen,A,W,TOCC,198,6,,Clarkson 63,126,6,,,35,35,13,1,1,0,10,0,7,6
-1,2019-05-27 00:00:00,Steeple Langford,A,W,TOCC,172,10,,,149,9,,,34.5,27.5,7,0,6,1,11,2,8,5
-1,2019-06-02 00:00:00,Spencer,A,W,Opp,210,5,,,211,6,,Sharpe D 104,39.5,40,6,2,0,2,4,2,7,4
-1,2019-06-09 00:00:00,3W United (?),H,W,TOCC,207,10,,,139,10,,,35.2,28.3,2,0,0,0,18,1,8,0
-1,2019-06-16 00:00:00,Beddington,A,L,Opp,162,5,,,84,10,,,26.4,40,7,0,5,1,6,0,0,0
-1,2019-06-23 00:00:00,Churchleigh,H,L,Opp,194,10,,Mander 3-30,157,10,,Niran 54,29.4,40,10,3,6,9,5,0,0,0
-1,2019-06-30 00:00:00,Chessington,A,L,Opp,215,9,,,197,8,,,35,35,12,1,6,4,9,2,1,0
-1,2019-07-07 00:00:00,Spencer,A,L,Opp,212,8,,,94,10,,,31,40,11,0,2,2,1,0,7,2
-1,2019-07-14 00:00:00,Morden,A,W,TOCC,252,7,,Greenall 156*,163,5,,,40,40,8,1,1,0,9,0,3,3
-1,2019-07-21 00:00:00,Merton,H,W,TOCC,230,6,,Springer 94,105,10,,,40,36.1,12,2,12,3,8,2,11,3
-1,2019-07-28 00:00:00,Verdayne Green,A,L,TOCC,119,10,,,122,5,,,34.1,29.5,5,0,4,1,5,2,4,1
-1,2019-08-04 00:00:00,Southbank,A,L,Opp,280,3,,,73,10,,,20.3,40,10,6,8,0,10,0,1,2
-1,2019-08-11 00:00:00,Surrey Ovalites,A,L,Opp,113,10,,,95,10,,,37.4,37.1,1,1,0,0,2,1,6,6
-1,2019-08-18 00:00:00,Norwood Exiles,H,L,TOCC,168,9,,,169,8,,,40,40,0,1,5,3,5,1,15,1
-1,2019-09-08 00:00:00,Richmond Legbreakers,H,W,TOCC,233,8,,Sharpe 117,120,10,,Mander A 5-37,40,23.3,5,0,9,0,16,7,14,6
-1,2019-09-15 00:00:00,Catford Cyphers,A,L,TOCC,204,8,,,207,5,,,40,31.5,5,0,19,1,14,1,18,1
-1,2019-09-22 00:00:00,Sanderstead,H,W,Opp,203,5,,Ward T 105,204,5,,,34.5,35,1,3,8,0,4,1,8,1
-1,2021-04-25 00:00:00,Worcester Park,H,L,Opp,288,2,,,226,10,,Springer 49,34.5,40,10,1,5,3,18,1,5,2
-1,2021-05-02 00:00:00,SW United,H,L,TOCC,109,10,,Seymour 41,113,4,,Nair 3-25,31.5,22,1,0,1,0,17,3,7,4
-1,2021-05-09 00:00:00,Morden,A,W,TOCC,249,8,,"Springer 107, Stevenson 78",213,8,,,40,40,17,2,4,3,9,0,14,4
-1,2021-05-16 00:00:00,Surrey Ovalites,H,ND,Opp,112,0,,,=NA(),,,,0,17.4,4,0,3,1,,,,
-1,2021-05-23 00:00:00,Merton Boars,A,W,TOCC,177,8,,"Hemasinghe 55*, Springer 52",31,9,,"Bhatt 3-2, Sajjid K 2-6",35,19.1,6,0,0,2,5,1,4,1
-1,2021-05-29 00:00:00,Fonthill Park,A,L,Opp,170,9,,,110,10,,Clarkson 38,29.4,35,11,1,3,8,11,8,4,3
-1,2021-05-30 00:00:00,Woodgreen,A,L,Opp,202,4,,,191,8,,Sharpe D 73,35,35,1,0,2,1,19,10,14,2
-1,2021-05-31 00:00:00,Steeple Langford,A,W,TOCC,221,5,,Springer 120*,139,6,,Madu 3-22,35,35,16,1,15,5,7,6,2,6
-1,2021-06-06 00:00:00,Merton Boars,H,W,Opp,118,8,,Nair 4-11,119,3,,Niran S 43,27.5,40,12,5,3,2,6,0,1,0
-1,2021-06-13 00:00:00,Beddington,A,L,TOCC,145,10,,Curling L 58,150,7,,Bhatt 2-14,34.3,37,9,3,3,0,1,2,1,1
-1,2021-06-20 00:00:00,Richmond Legbreakers,H,W,TOCC,196,7,,,170,8,,Nair 3-9,40,40,5,1,6,2,11,5,14,6
-1,2021-06-27 00:00:00,Norwood Exiles,A,W,TOCC,223,10,,,87,10,,Nair 5-22,36.5,33,15,2,6,0,14,11,13,0
-1,2021-07-04 00:00:00,Spencer,H,L,TOCC,96,10,,,97,3,,,33.3,22,0,0,6,1,7,3,2,0
-1,2021-07-11 00:00:00,Morden,A,W,Opp,189,10,,,193,7,,Sharpe 67,37.3,35.4,4,2,13,1,9,0,16,7
-1,2021-07-18 00:00:00,Sanderstead,H,W,Opp,64,10,,Bhatt 5-9,65,1,,,18.4,24,1,0,5,2,5,2,3,0
-1,2021-08-01 00:00:00,Riverside,A,ND,TOCC,120,4,,,=NA(),,,,28,0,0,0,0,0,7,4,2,2
-1,2021-08-15 00:00:00,Norwood Exiles,H,L,TOCC,67,10,,,68,1,,,24,9,6,0,1,0,6,4,3,0
-1,2021-08-29 00:00:00,Mitcham,A,L,TOCC,160,10,,157,158,10,,,39.2,35.4,6,3,6,8,5,0,7,3
-1,2021-09-05 00:00:00,Wibbadune,H,L,Opp,236,7,,,103,10,,,23.3,40,8,4,12,8,10,0,10,3
-1,2021-09-12 00:00:00,Catford Cyphers,A,L,Opp,258,8,,Nair 4-25,123,10,,,35.5,40,12,1,5,5,6,2,9,0
-1,2021-09-19 00:00:00,SMC,A,L,Opp,165,5,,,120,7,,,20,20,2,1,1,1,5,1,14,4
-1,2021-09-26 00:00:00,Norwood Exiles,A,W,Opp,136,10,,,138,6,,,25.5,28.2,1,0,14,3,3,1,10,4
-1,2020-07-19 00:00:00,Merton,H,W,TOCC,226,6,,Springer 115,189,9,,Bhatt 4-40,40,40,12,2,8,2,11,1,9,3
-1,2020-07-26 00:00:00,Beddington,H,W,TOCC,140,10,,Aleem 37,124,10,,Nair 4-18,36.4,38,6,1,10,5,4,7,8,0
-1,2020-08-02 00:00:00,Croydon Royals,H,W,Opp,93,10,,Bhatt 5-10,94,2,,Sajjid A 40*,28.3,23.4,4,2,1,1,2,1,9,3
-1,2020-08-09 00:00:00,Wimbledon United,A,L,Opp,189,7,,Springer 4-23,150,10,,"Sajjid A 35, Kogulathasan 32",35.5,40,6,2,17,4,2,4,0,1
-1,2020-08-16 00:00:00,Norwood Exiles,H,W,TOCC,253,7,,"Seymour C 98, Sajjid A 51*",184,6,,Mander A 2-20,40,40,9,1,3,0,7,13,14,0
-1,2020-08-23 00:00:00,Old Wimbledonians,A,W,Opp,150,6,,,153,7,,"Springer 51, Hemasinghe M 41*",33.2,35,14,3,9,1,5,0,0,0
-1,2020-08-30 00:00:00,Rotten Livers,H,W,Opp,177,10,,Kogulathasan 3-21,178,5,,Springer 73,33.3,34.2,12,0,9,0,11,6,3,1
-1,2020-09-06 00:00:00,Croydon Royals,H,L,TOCC,178,9,,"Hemasinghe M 48, Sajjid A 48",181,8,,,35,34,6,1,14,0,4,2,18,4
-1,2020-09-13 00:00:00,Catford Cyphers,A,L,Opp,194,9,,Bhatt 3-35,183,8,,Safraz M 59,40,40,6,1,2,3,13,5,6,5
-1,2020-09-20 00:00:00,Sanderstead,H,L,TOCC,167,10,,Niran S 42,171,6,,,35.2,36.2,5,1,20,0,10,0,14,7
-1,2020-09-27 00:00:00,Christchurch,H,L,Opp,224,5,,Bhatt 3-15,185,10,,Springer 62,31.4,35,2,1,7,0,11,0,17,1
-1,2000-05-06 00:00:00,Blackheath Select XI,H,D,TOCC,162,6,,Springer 82,102,9,,"Mander N 3-9, Bowers 3-14",38,41,3,0,12,1,2,3,1,1
-1,2000-05-13 00:00:00,Legless XI,H,W,TOCC,190,6,,"Leadley 84*, Worthington 56",102,8,,Clark C 5-21,39,33.2,7,1,0,0,10,0,10,3
-1,2000-05-14 00:00:00,Falcon,A,D,TOCC,108,10,,Mander N 34,79,9,,,42.4,38,11,1,8,3,6,0,12,0
-1,2000-05-20 00:00:00,Riverside,A,L,Opp,97,10,,"Clark C 3-24, Young 3-36",44,10,,Zahid 10-14,22.4,38,2,0,3,1,7,1,3,0
-1,2000-05-28 00:00:00,Woodgreen,A,W,TOCC,156,4,,"Leadley 71, Patel 26",78,9,,Springer 3-9,30,30,13,1,3,3,8,1,5,1
-1,2000-05-29 00:00:00,Steeple Langford,A,W,Opp,145,8,,Lestrelle 4/39,146,6,,Mander C 88*,29.1,40,5,4,9,4,0,2,3,5
-1,2000-05-30 00:00:00,Cove,A,D,TOCC,208,2,,"Brocks 67*, Sharpe 55*",200,5,,Clark M 2-21,40,45,9,0,2,6,14,1,1,2
-1,2000-06-03 00:00:00,Deansbank,H,D,Opp,154,9,,Elliston 3-31,131,9,,"Springer 58, Oakes 21*",38,47.4,4,0,1,0,10,1,5,8
-1,2000-06-04 00:00:00,Hextable,H,W,Opp,81,9,,"Worthy J 4-6, Mander A 4-14",82,4,,Springer 36,22,26.3,1,0,2,9,3,4,0,3
-1,2000-06-10 00:00:00,Norwood Exiles,H,D,TOCC,206,1,,"Leadley 136*, Middleton 51*",166,8,,"Clark C 6-18, Williams 56",43,39,9,0,0,6,3,0,9,0
-1,2000-06-11 00:00:00,Cypos,A,L,Opp,170,7,,,142,10,,Sharpe 24,36,40,7,1,4,2,12,0,6,1
-1,2000-06-17 00:00:00,Blackheath Select XI,A,W,Opp,82,10,,"Brady 4-11, Clark C 3-18",83,5,,Middleton 48,20.5,34.3,4,0,2,1,2,1,1,0
-1,2000-06-18 00:00:00,4 C's,H,D,Opp,153,10,,,117,9,,,37,41.5,4,3,0,2,13,4,0,1
-1,2000-06-24 00:00:00,Wilmington,H,W,TOCC,193,4,,"Mander N 65*, Reid 48*",49,6,,Mander C 3-5,33,26.4,0,0,0,0,12,4,2,7
-1,2000-06-25 00:00:00,Prospect Park,A,L,TOCC,136,9,,Dugdale 32,140,3,,,40,33.2,10,1,13,0,14,1,6,2
-1,2000-07-01 00:00:00,4 C's,H,D,Opp,172,9,,"Rahul 117*, Worthy J 5-45",134,4,,"Dugdale 51*, Mander N 34",35,42.2,9,2,2,0,12,5,1,2
-1,2000-07-02 00:00:00,Sunderland Supporters,H,W,TOCC,174,9,,"Mander A 39, Mander N 30",31,10,,Clark C 4-6,40,21,3,0,13,2,10,0,3,0
-1,2000-07-22 00:00:00,The Priory,A,W,Opp,118,10,,Springer 3-8,119,2,,Dugdale 63*,27.5,33,8,0,6,6,1,1,15,7
-1,2000-07-23 00:00:00,Falcon,A,W,TOCC,203,10,,Springer 94,114,10,,Sharpe 6-22,40,31.2,0,0,4,1,7,0,8,3
-1,2000-07-29 00:00:00,Old Dunstonians,A,L,Opp,294,4,,"Williamson 74, Westmacott 66, Giddins 63*",38,10,,"Woodhouse 18, Toot 4-4",18.1,40,5,0,5,7,0,0,0,0
-1,2000-07-30 00:00:00,Wild Geese,H,L,Opp,205,8,,Parker 50,69,9,,May 4-15,22.1,40,8,3,13,3,3,0,0,2
-1,2000-08-05 00:00:00,Old Josephians,H,W,Opp,159,9,,"Cooper G 5-31, Clark C 3-36",162,6,,"Springer 64, Woodhouse 41",32.2,44,1,0,5,0,4,2,2,1
-1,2000-08-06 00:00:00,Whyteleaf,A,W,TOCC,144,10,,Springer 59,117,10,,Shewan 4-24,33.3,32.5,4,0,4,0,9,5,14,2
-1,2000-08-12 00:00:00,Lessa Wanderers,H,D,Opp,141,10,,"Rugg K 50, Bowers 4-7",89,5,,Baxter 3-27,38,46.2,3,0,0,2,2,0,7,0
-1,2000-08-13 00:00:00,Addington,H,W,TOCC,195,9,,Springer 90,121,10,,Cooper 4-13,40,34.1,9,3,10,1,8,1,10,1
-1,2000-08-19 00:00:00,Riverside,H,L,Opp,134,8,,Worthy J 2-20,95,9,,Ullah 5-15,26,44,5,3,0,4,15,0,6,1
-1,2000-08-20 00:00:00,Hextable,H,W,TOCC,213,8,,"Woodhouse 35, Leadley 31, Mander N 30*",127,9,,"Brocks 4-21, Springer 3-21",45,45,3,0,14,2,4,1,4,2
-1,2000-08-26 00:00:00,Legless XI,H,W,TOCC,259,1,,"Leadley 113*, Springer 103*",128,10,,"Williams 56, Young 3-28",30,32,6,0,3,0,11,1,1,5
-1,2000-09-03 00:00:00,Beddington,A,D,Opp,175,8,,,175,7,,"Leadley 85, Springer 43",42,45,8,4,0,2,2,2,7,0
-1,2000-09-09 00:00:00,Lessa Wanderers,H,L,TOCC,152,4,,"Mander N 64*, Woodhouse 26",154,2,,"Baxter 96, Bishop 42",38,26.2,3,0,1,0,3,0,2,4
-1,2000-09-10 00:00:00,Selsdon,H,T,Opp,94,10,,"D Shivmangle 38, Mander A 4-1",94,10,,"Springer 32, D Shivmangle 4-29",26.3,29.4,0,0,5,1,1,0,6,1
-1,2000-09-17 00:00:00,East Cheam,H,W,Opp,85,9,,Morris 3-17,88,5,,,23.5,33.3,0,0,0,0,0,0,0,0
-1,2000-09-23 00:00:00,The Priory,H,W,Opp,44,10,,Mander N 4-3,48,5,,Springer 24*,17.2,19.2,6,1,0,0,5,1,3,1
-1,2000-09-30 00:00:00,Carshalton & Croydon Gas,H,L,Opp,161,5,,Cooper 3-33,78,9,,"Springer 32, Jones 5-12",31.3,44,3,0,2,1,3,0,1,1
-1,2009-04-26 00:00:00,John Fisher Lamgas,A,W,Opp,106,10,,"Aravin 65, Nair 3-23",108,3,,Middleton 66*,29.5,29,0,0,9,2,3,2,6,3
-1,2009-05-03 00:00:00,Norwood,A,L,Opp,174,10,,"Nair 4-17, Clark 3-32",137,10,,Leadley 72,31.4,34.5,,,,,8,5,4,2
-1,2009-05-10 00:00:00,Robinson Lakeside,H,L,TOCC,161,8,,Leadley 80,164,5,,"Brooks 63, Bowers 3-18",40,33,0,0,6,3,7,1,13,2
-1,2009-05-17 00:00:00,Sydenham,H,L,Opp,225,6,,"Rahul 67, Bhalkar 58*,Vipul 50",104,6,,Worthington 39,40,40,3,1,3,1,16,3,5,1
-1,2009-05-23 00:00:00,Churchleigh,A,L,TOCC,104,10,,Woolgar J 3-10,105,1,,Wilkinson L 50*,32.3,27.4,3,1,1,2,25,3,2,0
-1,2009-05-24 00:00:00,Woodgreen,A,L,TOCC,155,10,,Woodhouse 45,158,4,,Richards 71,34,27,5,0,5,2,9,0,6,1
-1,2009-05-25 00:00:00,Steeple Langford,A,W,Opp,183,9,,Emm 52,186,3,,Gibbs A 66*,31.3,40,22,2,7,4,12,3,9,11
-1,2009-05-31 00:00:00,Beddington,A,L,Opp,170,9,,"Bawbridge 58*, Sharpe 3-30",106,10,,Sajjid 4-13,31.2,43,13,1,0,0,2,0,1,3
-1,2009-06-07 00:00:00,Vishwa,H,L,Opp,161,10,,Nair 5-17,81,10,,Mukesh 6-30,26.5,38.2,1,1,0,0,7,0,0,0
-1,2009-06-14 00:00:00,Sanderstead,A,L,Opp,246,8,,"Lemon 96, Clark 4-42",103,9,,,44,45,6,0,9,1,16,4,7,0
-1,2009-06-21 00:00:00,LESSA,A,W,Opp,94,9,,Bowers 3-4,96,2,,Leadley 72*,19,31.1,5,1,6,2,1,1,0,0
-1,2009-06-27 00:00:00,Catford Cyphers,A,W,Opp,69,10,,Nair 4-10,70,2,,Cooper 35,17.2,22.5,5,3,3,1,5,1,3,1
-1,2009-07-05 00:00:00,Norwood Exiles,A,D,Opp,198,5,,"Pine 72, Pandja 55*",115,9,,Greyling 39,40,42,3,0,5,4,16,2,9,0
-1,2009-07-12 00:00:00,Old Josephians,H,D,Opp,179,10,,Cocker 73,116,6,,Worthington 36,41,42,9,4,1,0,9,7,4,2
-1,2009-07-19 00:00:00,Southern Railways,A,L,Opp,225,3,,Bulled 80,130,10,,"Greyling 48, Manns 6-28",40,45,,,,,4,4,9,2
-1,2009-07-26 00:00:00,Norwood,H,L,Opp,176,10,,"Ahmed 102, Nair 3-22",154,10,,"Sharpe 70, Ahmed 4-8",33,38.2,4,1,10,3,8,2,3,1
-1,2009-08-02 00:00:00,Bromley Town,A,L,Opp,170,7,,Armenakis 83*,72,10,,,27.1,40,0,4,6,1,14,4,4,0
-1,2009-08-09 00:00:00,John Fisher Lamgas,H,L,Opp,153,8,,Bowers 3-39,64,10,,Angus 4-25,25.5,42,13,3,5,11,19,4,2,6
-1,2009-08-16 00:00:00,Weybridge Vandals,A,L,Opp,199,8,,"Fenton 101*, Nair 5-52",170,10,,Sharpe 87,36.5,38.2,20,5,5,1,12,2,10,0
-1,2009-08-23 00:00:00,Norwood Exiles,H,W,Opp,151,9,,Wilson 57,152,9,,,39.3,43,3,3,10,2,16,3,7,3
-1,2009-08-30 00:00:00,LESSA,H,L,TOCC,65,10,,,66,1,,,38,15.5,0,1,1,1,8,0,8,0
-1,2009-09-06 00:00:00,Churchleigh,H,W,TOCC,220,4,,"Rao 76*, Middleton 61",175,10,,Seymour 3-38,40,37.1,3,1,10,6,25,10,9,4
-1,2009-09-19 00:00:00,Ex-Blues,A,W,Opp,222,9,,"Gambie 50, Seymour 3-25",223,5,,Rao A 52,34,34.3,,,,,12,0,1,2
-1,2018-05-06 00:00:00,Woodgreen,H,L,Opp,174,9,,"Harding 58*, Sharpe 3-22",117,10,,"Springer 40, Jaya 3-5",29.4,40,3,5,4,2,8,2,8,1
-1,2018-05-13 00:00:00,SW United,H,W,TOCC,215,9,,Sharpe 63,207,10,,Malik 70,40,38.3,10,0,2,3,21,3,12,7
-1,2018-05-20 00:00:00,South Bank,H,L,Opp,180,10,,"Nas 118, Middleton 5-24",164,10,,"Springer 53, Arnold 5-16",37.2,33.4,6,0,4,2,9,2,6,1
-1,2018-05-26 00:00:00,Font Hill Park,A,L,TOCC,151,8,,Sharpe 63,154,3,,,30,29,4,1,11,3,6,3,4,1
-1,2018-05-27 00:00:00,Woodgreen,A,L,TOCC,136,10,,,137,6,,,33.1,33.4,3,0,2,0,20,3,4,0
-1,2018-05-28 00:00:00,Steeple Langford,A,W,TOCC,193,9,,Sharpe 60,126,10,,Mander 4-23,35,35,6,0,7,1,18,4,2,2
-1,2018-06-10 00:00:00,Norwood Exiles,A,W,TOCC,204,10,,Gaurav 77,198,9,,Bhatt 3-25,39.3,40,12,1,14,3,10,0,6,1
-1,2018-06-17 00:00:00,Spencer,A,L,Opp,211,6,,Khan 64,204,10,,Sharpe 45,37.4,40,5,0,8,1,11,2,0,1
-1,2018-06-24 00:00:00,Woldingham Village,H,W,TOCC,227,9,,Sharpe 51,184,10,,Browning 50*,40,38.3,13,4,11,2,35,3,8,1
-1,2018-07-01 00:00:00,Monty,A,L,Opp,246,8,,"Moin 71, Middleton 3-22",141,10,,Moin 4-28,29.2,40,20,0,7,0,5,1,5,6
-1,2018-07-07 00:00:00,Beddington,H,W,TOCC,239,7,,Sharpe 68,150,10,,,40,34,8,2,19,3,12,8,12,2
-1,2018-07-15 00:00:00,Morden,A,W,TOCC,282,5,,"Springer 99, Middleton 58*, Seymour 64",106,10,,Mander 3-9,40,32.4,5,1,1,2,9,1,10,1
-1,2018-07-22 00:00:00,LESSA Wanderers,H,W,Opp,151,10,,"Bhatt 5-29, Feroz 73",152,9,,Hall 4-21,31.5,39.2,13,0,5,6,13,1,14,3
-1,2018-08-12 00:00:00,LESSA Wanderers,A,W,Opp,149,7,,,152,2,,Greenall 58,25.2,35,5,1,0,2,9,2,4,2
-1,2018-09-02 00:00:00,HSBC,A,L,TOCC,227,1,,"Sharpe 100, Greenall 80*",231,4,,Hassan 145*,40,37,9,1,0,5,15,7,15,1
-1,2018-09-09 00:00:00,Richmond Legbreakers,H,T,TOCC,222,6,,"Springer 56, O'Rourke 53",222,8,,,40,40,16,1,4,4,12,0,11,4
-1,2018-09-16 00:00:00,Catford Cyphers,A,W,Opp,176,10,,Clarkson 4-29,177,4,,Niran 75*,37.4,38.3,11,1,7,2,8,4,5,1
-1,2003-05-03 00:00:00,Blackheath Select,H,W,Opp,77,10,,Young 3-20,78,1,,Leadley 44*,18,42.3,3,1,6,3,2,0,2,1
-1,2003-05-04 00:00:00,John Fisher Wandgas,H,W,Opp,119,10,,"Sullivan 46, Cooper 3-26",120,3,,Mander N 35*,28.4,34.4,7,0,9,1,2,2,13,5
-1,2003-05-10 00:00:00,Legless XI,H,L,TOCC,99,10,,"Burns 3-21, Leadley 32",101,6,,"Williams 50*, Copper 4-40",31.5,40.4,3,0,5,3,6,0,3,0
-1,2003-05-11 00:00:00,Gold Leaf,A,D,Opp,169,8,,"Francais 43, Greyling 3-44",132,9,,"Lestrelle J 39, Evans 4-36",38,43,16,6,10,3,17,3,13,2
-1,=B8+7,Thurlow Park RAFA,H,W,TOCC,168,9,,Springer 100*,98,10,,Greyling 4-17,40,33,15,6,10,10,1,0,11,4
-1,=B9+7,Blindley Heath,A,L,Opp,136,9,,"Burchett 44, Springer 3-16",93,10,,Jenkins 4-19,26.2,49,12,2,5,2,12,0,6,0
-1,=B10+7,Woodgreen,A,L,TOCC,107,10,,"Mander A 35, P Young 3-14",111,8,,Greyling 3-32,38,37.4,19,1,7,2,8,1,6,1
-1,2003-05-26 00:00:00,Steeple Langford,A,D,TOCC,155,8,,Harvey 3-9,150,7,,Springer 4-21,39,37,8,5,0,6,17,13,3,6
-1,2003-05-27 00:00:00,Cove,A,L,TOCC,160,10,,"Mander N 62, FIney 4-26",162,5,,Carter 103*,46,30.2,11,0,0,0,10,4,5,2
-1,2003-06-01 00:00:00,Giltec,H,L,Opp,126,10,,Greyling 4-27,98,10,,Chandler 3-14,36.3,34.2,14,0,2,0,7,6,1,4
-1,=B15+7,Norwood Exiles,H,L,TOCC,106,10,,"Greyling 53, Patel C 4-26",107,2,,Norris 53*,26,28.3,4,1,9,2,17,0,4,0
-1,=B16+7,CYPOS,A,W,TOCC,233,7,,Springer 103*,169,9,,,40,38.3,9,0,1,2,4,1,10,1
-1,=B17+7,Legless XI,A,L,Opp,211,8,,"Roodenburgh 42, Murphy 3-29",151,10,,Worthington 35,36.2,40.3,18,2,12,2,8,3,21,6
-1,=B18+7,Vishwa,H,L,Opp,171,8,,,121,8,,,40,40,15,1,0,0,8,1,8,2
-1,=B19+7,Churchleigh,H,D,TOCC,152,6,,Worthington 65,156,4,,"Williams 50, Hulme 48*",41,34,9,1,3,0,13,9,11,0
-1,=B20+7,Worcester Park,A,L,Opp,171,9,,"Wilkinson 53, Cooper 3-29",137,10,,"Springer 52, Rivenal 4-26",28.4,51,10,3,2,9,3,1,2,0
-1,=B22+7,Saints,H,W,Opp,92,10,,"Symes M 48, Springer 3-0",94,7,,Springer 37,23,32,14,0,6,2,4,0,2,0
-1,=B23+7,Central YMCA,A,W,Opp,66,10,,"Clark 3-12, Wiseman 3-12",67,6,,,36.5,28.1,26,2,5,1,10,3,2,2
-1,=B24+7,Commonwealth Offices,A,L,TOCC,117,9,,Morraine 5-33,118,9,,"Springer 4-9, Mander A 3-23",30,23.5,2,0,0,0,1,0,1,1
-1,=B26+7,Downsiders,H,L,TOCC,161,10,,"Cooper 40, Wilson 4-14",169,5,,Cornet 34,39.2,38.3,9,0,6,4,14,9,13,4
-1,=B27+7,Sanderstead,H,L,Opp,150,10,,Young 4-27,101,9,,,31,45,6,0,0,3,6,0,1,5
-1,=B28+7,Seven-O,H,W,Opp,116,10,,Greyling 3-18,118,4,,Springer 70,22.3,36.3,25,0,10,2,2,0,2,0
-1,=B29+7,Lessa Wanderers,A,D,Opp,214,7,,Glancy 67,23,1,,,10.3,38,1,3,5,4,0,0,0,1
-1,=B31+7,Old Tennysonians,H,D,Opp,138,9,,Bowers 3-33,82,9,,,37,42.3,1,2,3,0,2,1,13,0
-1,=B32+7,Whyteleaf,A,L,TOCC,152,9,,Fish 52,155,8,,"Canter 66*, Mander N 5-28",39,31.1,3,0,11,5,10,1,9,1
-1,=B33+7,Seven-O,A,L,Opp,202,6,,Srithan 48*,138,10,,Worthington 41,33.4,40,6,3,6,1,10,4,4,4
-1,=B34+7,Addington 1743,H,W,TOCC,212,7,,Mander N 93,163,10,,Springer 3-8,40,35.1,13,3,0,0,12,3,14,4
-1,=B35+7,Riverside,H,D,Opp,224,7,,"Mahmood B 72*, Fish 5-39",164,8,,"Springer 91, George 4-52",36,43,11,0,2,2,14,0,3,3
-1,=B36+7,Mixed Caribbean,H,W,Opp,147,10,,Elliston 4-30,150,7,,Mander N 44,39,31.2,9,3,0,6,8,6,6,7
-1,=B37+7,Mixed Caribbean,H,L,Opp,286,3,,"Shawn 116*, Latty 116",139,5,,Ganesh 52,35,35,22,7,3,1,18,0,1,0
-1,=B38+7,East Cheam & St Helier,H,W,Opp,132,9,,"Dolbear 53, Springer 3-14",139,5,,Cox 72,19.5,37.1,18,0,5,1,11,1,1,1
-1,=B39+7,Blackheath Select,A,L,Opp,179,10,,"Cooper 3-11, Greyling 3-35",67,10,,Patel 4-22,25.1,41.1,7,0,13,2,1,3,4,2
-1,=B41+7,Lessa Wanderers,H,L,Opp,199,10,,Bishop 53,135,9,,Greyling 38,39.4,47,3,0,15,4,6,3,19,0
-1,=B44+7,Pretenders,H,W,TOCC,171,2,,"Mander N 88, Owen 60*",170,10,,,27.5,37.2,8,0,8,1,3,1,14,2
-1,=B45+7,Malden Wanderers,A,W,Opp,161,10,,,165,6,,Mander N 75,34,33.4,25,1,2,0,6,0,16,1
-1,2015-04-26 00:00:00,Deando Ruxley,A,W,TOCC,192,6,,Springer 73,129,10,,Seymour 3-33,40,37.2,9,2,2,0,8,0,4,2
-1,2015-05-03 00:00:00,Woodgreen,H,W,Opp,188,5,,Shahid 3-21,189,3,,"Middleton 77*, Brocks 67*",27.3,35,4,2,2,2,2,0,7,7
-1,2015-05-10 00:00:00,LESSA,A,L,Opp,121,10,,"Brocks 5-0, Springer 3-18, Brown 51",102,10,,Middketon 39,25.2,39,9,0,7,5,6,1,2,0
-1,2015-05-17 00:00:00,Churchleigh,H,W,TOCC,223,7,,Springer 93,127,10,,Springer 5-10,40,34.1,7,5,10,0,17,12,6,0
-1,2015-05-23 00:00:00,Fonthill Park,A,W,Opp,171,7,,"Dean 94, Seymour 3-33",173,9,,Springer 80,35,35,6,0,3,0,7,1,5,3
-1,2015-05-24 00:00:00,Woodgreen,A,L,TOCC,100,9,,,103,7,,,25,30.1,6,1,1,3,10,3,2,1
-1,2015-05-25 00:00:00,Steeple Langford,A,W,Opp,167,7,,"Nair 3-23, Partridge 50",168,3,,"Tapader 46*, Middleton 41",30.3,35,7,0,8,2,14,2,9,0
-1,2015-05-31 00:00:00,Norwood Exiles,A,L,TOCC,185,4,,Sharpe 109,188,2,,O'Mahoney 116*,30,26.2,15,2,5,4,7,1,2,0
-1,2015-06-07 00:00:00,Richmond Legbreakers,H,W,TOCC,240,6,,Clarkson 71*,170,7,,,40,40,5,0,4,0,8,4,5,3
-1,2015-06-14 00:00:00,Norwood,A,L,TOCC,250,6,,"Sharpe 65, Tapader 51",256,5,,,40,34.5,7,2,9,1,36,3,6,2
-1,2015-06-21 00:00:00,Woldingham Village,H,L,Opp,220,8,,,127,9,,,26,40,7,0,10,2,8,1,7,0
-1,2015-06-28 00:00:00,RACS,A,W,Opp,192,6,,Webb 129*,194,6,,Springer 80,31.1,40,14,0,0,0,8,5,2,2
-1,2015-07-05 00:00:00,Southbank,H,W,TOCC,151,10,,,123,10,,,36.4,37,19,0,2,1,12,0,7,6
-1,2015-07-12 00:00:00,Headstone,H,W,Opp,175,6,,Driver 3-10,177,4,,Springer 52,29.2,40,12,2,8,1,16,1,10,0
-1,2015-07-19 00:00:00,LESSA,H,W,TOCC,258,8,,"Sharpe 93, Driver 47",192,10,,Springer 3-9,40,37,13,1,12,5,1,0,6,2
-1,2015-08-02 00:00:00,Giltec,A,W,Opp,202,10,,Tapader 3-22,203,5,,Sharpe 73,35.4,40,4,2,2,0,11,1,6,2
-1,2015-08-09 00:00:00,Richmond Legbreakers,H,L,TOCC,124,10,,,126,5,,,35.4,29.5,2,2,11,1,3,0,6,0
-1,2015-08-16 00:00:00,Deando Ruxley,A,L,Opp,169,5,,,108,10,,,34.2,40,3,1,5,1,14,1,0,0
-1,2015-08-23 00:00:00,Norwood Exiles,H,W,Opp,149,6,,,150,2,,"Viveganandan 56, Seymour 50*",31,35,10,0,5,1,11,0,6,3
-1,2015-08-30 00:00:00,Sanderstead,A,L,Opp,171,10,,Mander 4-29,88,10,,,24.3,32.1,10,0,9,2,12,2,9,1
-1,2015-09-06 00:00:00,Mid-Whitgiftian,H,W,TOCC,209,10,,Viveganandan 66,196,7,,,36.3,40,17,6,17,3,5,1,8,0
-1,2015-09-13 00:00:00,Beddington,A,L,Opp,201,8,,,117,10,,,23.5,40,4,1,0,7,0,0,6,3
-1,2015-09-20 00:00:00,Raynes Park FP,H,W,Opp,117,10,,,118,3,,Middleton 43*,30.3,36.2,13,0,10,0,7,0,2,1
-1,2002-05-04 00:00:00,Blackheath Select XI,H,L,Opp,99,8,,,30,10,,,30.2,45,5,1,0,0,1,1,1,1
-1,2002-05-05 00:00:00,Malden Wanderers,H,W,TOCC,252,2,,"Mander N 116*, Leadley 60, Hawksworth 49",216,10,,Jacobs 70,39.4,37.4,8,0,7,3,15,2,8,2
-1,2002-05-11 00:00:00,Bank Of England,H,L,TOCC,81,10,,,82,1,,,41.1,18.4,0,0,2,0,10,1,8,1
-1,2002-05-12 00:00:00,YPDA,H,W,TOCC,145,10,,Leadley 44,78,9,,"Mander C 3-8, Elliston 3-15",37.1,29.5,4,0,1,2,9,4,11,4
-1,2002-05-18 00:00:00,4 C's,H,D,Opp,148,10,,"Russell 65*, Cooper 3-35",128,7,,"Worthington 47, Rahul 3-26",42,36.1,22,1,6,2,16,0,5,0
-1,2002-05-19 00:00:00,Thurlow Park RAFA,A,W,TOCC,204,7,,"Mander N 103, Mander C 49*",81,9,,"Bowers 3-12, Elliston 3-25",40,35.4,6,2,0,2,0,2,3,6
-1,2002-05-25 00:00:00,Deansbank,H,D,Opp,185,4,,"Campbell 83, Shewan 3-40",113,7,,,40,37,1,2,5,4,10,1,12,3
-1,2002-06-01 00:00:00,Old Wimbledonians,A,W,TOCC,191,5,,"Leadley 71, Springer 65*, Woodhouse 32",94,10,,"Fontaine 34, Elliston 4-10",34,46.2,3,2,5,1,4,2,3,1
-1,2002-06-02 00:00:00,Woodgreen,A,W,TOCC,192,5,,"Mander N 58*, Mander C 55, Leadley 42",86,10,,Brocks 3-13,32.5,33.3,3,7,20,0,2,0,0,3
-1,2002-06-03 00:00:00,Steeple Langford,A,L,Opp,138,10,,"Bowers 3-4, Clark 3-19",73,10,,"Wyre 3-15, Woodhouse 21*",22.4,36.3,6,10,12,2,11,5,0,1
-1,2002-06-04 00:00:00,Cove,A,D,TOCC,193,10,,Mander N 98,146,7,,"Anthony 57, Clark 4-21",47,38,0,0,9,2,5,1,2,3
-1,2002-06-09 00:00:00,CYPOS,A,W,TOCC,150,2,,Leadley 101*,107,9,,Mander A 4-19,30,33,1,0,3,1,2,0,9,1
-1,2002-06-15 00:00:00,Sanderstead,A,L,Opp,121,9,,Funnell 54,119,9,,"Leadley 57, Ugarte 3-18",36.4,45,1,2,2,1,3,1,3,2
-1,2002-06-16 00:00:00,Vishwa,H,W,TOCC,154,9,,"Springer 45, Mukesh 4-31",109,10,,Springer 3-12,40,36.1,10,2,0,2,3,1,5,3
-1,2002-06-22 00:00:00,Churchleigh,H,D,Opp,212,4,,"Joseph 94, Rainsbury 58",109,2,,"Lestrelle J 47, Worthington 35*",43,36,8,0,3,0,8,6,5,0
-1,2002-06-23 00:00:00,Northwood Nomads,A,W,Opp,69,10,,"Worthy 3-7, Elliston 3-22",72,3,,Springer 40*,19.1,22.2,8,0,7,5,4,3,3,2
-1,2002-06-30 00:00:00,Saints,H,L,TOCC,192,8,,"Worthington 71, Greyling 43",196,6,,Martin 82*,40,39.3,7,4,7,2,3,1,1,0
-1,2002-07-07 00:00:00,Worcester Park,A,L,Opp,185,7,,Barret 73,182,10,,"Springer 57, Rivenall 4-23",39.5,40,1,2,0,1,11,0,0,2
-1,2002-07-13 00:00:00,Addiscombe,H,D,Opp,183,8,,"Jones 55, Hartwright 54, Mander A 3-27",135,6,,"Worthington 51, Cooper 32*",39,44,13,0,6,2,9,1,7,2
-1,2002-07-14 00:00:00,Spencer,H,L,Opp,181,6,,Jafri 62,130,9,,Leadley 47,34.1,40,5,0,1,1,7,0,0,0
-1,2002-07-20 00:00:00,Seven O,A,L,Opp,151,10,,"Young 4-41, Clark 3-23",123,10,,"Young 34, Clark 33*",31.5,37,18,3,2,1,7,4,3,1
-1,2002-07-21 00:00:00,Downsiders,H,W,TOCC,153,9,,Leadley 82,79,10,,"Springer 3-8, Worthy 3-19",31.3,26,10,0,2,3,7,4,3,4
-1,2002-07-27 00:00:00,LESSA Wanderers,A,L,TOCC,38,9,,Baxter 4-10,43,1,,,22,6.1,0,0,4,0,5,0,1,1
-1,2002-07-28 00:00:00,Worcester Park,H,L,Opp,156,6,,Cooper 3-23,78,10,,Miller 4-14,26.1,40,7,6,6,4,2,2,1,2
-1,2002-08-03 00:00:00,Old Josephians,H,D,Opp,138,8,,"Evans 47, Woodhouse 2-12",128,7,,"Penfold 46, Lestrelle J 38*",37,43,5,0,6,7,11,0,8,2
-1,2002-08-04 00:00:00,Whyteleaf,A,ND,,,,,,,,,,0,34,1,2,4,2,0,0,0,0
-1,2002-08-10 00:00:00,Prospect Park,A,L,TOCC,101,9,,Woodhouse 37,103,1,,Hearn 68*,44,30.4,3,3,2,0,7,3,2,2
-1,2002-08-11 00:00:00,Addiscombe,H,W,Opp,63,10,,"Greyling 4-25, Worthy 3-13",64,1,,Springer 38*,16.3,22.1,8,3,0,0,3,1,0,0
-1,2002-08-17 00:00:00,Riverside,H,L,Opp,193,7,,"Gordon 50*, Cooper 3-32",80,10,,"Edghill 22, Mahmoud 4-24",27.5,41,15,5,6,0,17,2,1,0
-1,2002-08-18 00:00:00,Flying Wickets,H,W,Opp,94,10,,Worthy 3-4,95,4,,Mander N 50*,25.2,33.5,5,0,6,2,10,4,0,1
-1,2002-08-24 00:00:00,Purley,H,W,Opp,136,8,,Cooper 3-17,137,6,,Shewan 44,36.4,43.4,15,7,0,2,13,5,2,0
-1,2002-08-25 00:00:00,Old Josephians,H,L,TOCC,84,10,,Pod 5-18,85,5,,Mitchener 36*,35.3,28.2,5,0,6,0,0,3,0,1
-1,2002-08-31 00:00:00,Blackheath Select XI,A,L,Opp,197,8,,"Dormer 71, White 59, Cooper 5-44",141,9,,"Hawksworth 43, White 6-42",35.3,47,8,0,1,5,10,3,10,9
-1,2002-09-01 00:00:00,Beddington,A,D,TOCC,187,10,,Stratford 4-55,140,6,,Stratford M 39,39.5,40,3,1,1,4,7,5,16,6
-1,2002-09-07 00:00:00,LESSA Wanderers,H,L,TOCC,105,10,,"Worthington 25, Clarke 4-7",106,8,,Elliston 3-30,35.5,36.3,6,0,8,0,13,5,3,1
-1,2002-09-08 00:00:00,Selsdon,H,W,Opp,133,9,,Douglas 40,135,9,,"Greyling 37, Kossine 3-19",39.2,40,8,0,5,0,7,1,4,7
-1,2002-09-14 00:00:00,4C's,H,L,Opp,168,9,,"Jayant 60, Elliston 3-21",118,10,,"Mander C 36, Jaideep 4-26",34.1,34,10,1,2,1,9,7,6,4
-1,2002-09-15 00:00:00,Giltec,H,W,TOCC,171,8,,Mander N 54,76,9,,Greyling 3-14,35,23.1,3,1,2,0,12,1,6,3
-1,2002-09-22 00:00:00,Bromley Common,A,L,Opp,265,5,,Walker J 142,116,10,,Worthington 38,32.4,36,8,1,13,3,9,1,2,2
-1,1997-04-27 00:00:00,Selsdon,A,W,Opp,49,9,Y,Springer 3-11,50,3,,Worthington 23,1,0,0,2,0,0,2,3,=SUM(O5:R5),=SUM(S5:V5)
-1,1997-05-03 00:00:00,West Wickham,H,L,TOCC,178,10,Y,"Reid 38, Springer 38",181,4,,"Money 62, Tasker 61, Springer 3-52",2,4,6,5,8,3,4,6,=SUM(O6:R6),=SUM(S6:V6)
-1,1997-05-04 00:00:00,Commonwealth Offices [30-over match],H,L,Opp,137,9,Y,"Tull 74, Worthy R 4-31, Shewan 3-25",115,10,Y,Leadley J 55,0,1,1,5,1,4,8,1,=SUM(O7:R7),=SUM(S7:V7)
-1,1997-05-05 00:00:00,Seaford,A,W,Opp,121,10,Y,Brocks 4-17,125,8,,Hamilton 41*,0,3,2,0,2,6,2,3,=SUM(O8:R8),=SUM(S8:V8)
-1,1997-05-10 00:00:00,Park Hill [20-over match - rain],H,L,Opp,137,6,,"Ward 46, Goldsmith A 41",104,8,,"Dugdale 30, Blake 3-11",3,0,2,1,9,0,6,2,=SUM(O9:R9),=SUM(S9:V9)
-1,1997-05-11 00:00:00,Falcon,A,W,TOCC,111,10,Y,Dugdale 27,92,10,Y,Mander A 5-13,7,0,3,3,4,0,4,2,=SUM(O10:R10),=SUM(S10:V10)
-1,1997-05-17 00:00:00,West Wickham,A,L,Opp,146,4,,Clarke 3-56,116,10,Y,Dugdale 34,5,0,11,3,2,0,14,3,=SUM(O12:R12),=SUM(S12:V12)
-1,1997-05-18 00:00:00,Thurlow Park RAFA,H,W,Opp,177,10,Y,Shewan 5-49,178,2,,"Leadley 88*, Sharpe 42*",7,2,7,2,6,1,6,2,=SUM(O13:R13),=SUM(S13:V13)
-1,1997-05-18 00:00:00,Merton Saints,A,W,Opp,131,9,Y,Springer 4-48,132,5,,Cooper 68*,3,0,0,1,6,1,4,4,=SUM(O14:R14),=SUM(S14:V14)
-1,1997-05-24 00:00:00,Frensham,A,W,Opp,109,10,Y,"Stuttaford 51*, Morris D 3-13",113,6,,"Hosking 30, Caston 3-36",2,0,4,1,2,1,18,1,=SUM(O15:R15),=SUM(S15:V15)
-1,1997-05-25 00:00:00,Woodgreen,A,L,Opp,164,8,,"Naish D 49, Springer 3-43",140,10,Y,"Brocks 44, Naish D 3-1",3,0,8,4,8,0,9,0,=SUM(O16:R16),=SUM(S16:V16)
-1,1997-05-26 00:00:00,Steeple Langford,A,L,Opp,193,9,,Sharpe 4-84,61,10,Y,Fellowes M 3-10,5,2,6,1,5,0,0,0,=SUM(O17:R17),=SUM(S17:V17)
-1,1997-05-27 00:00:00,Cove,A,D,TOCC,215,5,,"Leadley J 56, Cooper 48",181,8,,"Scatchpole 57, Shewan 4-54",3,0,5,2,10,2,25,9,=SUM(O18:R18),=SUM(S18:V18)
-1,1997-05-31 00:00:00,Deansbank,H,W,Opp,110,8,Y,"Griffiths 33, Shewan 2-10, Bowers 2-12",112,3,,Leadley J 59,5,0,8,3,1,0,8,5,=SUM(O19:R19),=SUM(S19:V19)
-1,1997-06-01 00:00:00,Bromley Common II,H,W,Opp,170,8,,Worthy J 2-21,174,1,,Leadley J 76* Hawksworth R 81*,13,0,5,2,7,0,2,6,=SUM(O20:R20),=SUM(S20:V20)
-1,1997-06-01 00:00:00,Surrey Gymkhana,A,L,Opp,280,8,,Morris D 2-24,134,10,Y,,19,2,6,2,10,2,11,3,=SUM(O21:R21),=SUM(S21:V21)
-1,1997-06-07 00:00:00,Merton,A,W,TOCC,224,5,,"Middleton 82*, Springer 59, Woodhouse 30",105,9,Y,Clarke 3-6,6,0,6,0,13,0,9,3,=SUM(O22:R22),=SUM(S22:V22)
-1,1997-06-08 00:00:00,Frensham,A,W,Opp,121,10,Y,"Worthy R 3-11, Lestrelle 3-33",125,2,,"Hamilton 48, Hawksworth A 43",4,0,2,1,6,2,9,2,=SUM(O23:R23),=SUM(S23:V23)
-1,1997-06-08 00:00:00,Merton Saints,H,D,TOCC,169,8,,Leadley J 82*,105,5,,Elliston 2-27,6,0,8,1,2,2,3,3,=SUM(O24:R24),=SUM(S24:V24)
-1,1997-06-14 00:00:00,Caterham,H,W,TOCC,209,3,,"Dugdale 90, Hawksworth R 88",125,10,Y,"Cocker 76, Mander A 5-50",4,1,8,3,12,1,0,0,=SUM(O25:R25),=SUM(S25:V25)
-1,1997-06-15 00:00:00,4 C's,H,W,Opp,131,10,Y,"Morris D 3-17, Coloe 2-11",133,7,,"Leadley J 39*, Lineker 4-10",3,0,9,2,1,3,8,1,=SUM(O27:R27),=SUM(S27:V27)
-1,1997-06-21 00:00:00,Hamsey Green,H,D,Opp,115,6,,Lestrelle 3-9,102,6,,Dugdale 47*,3,0,0,4,8,2,2,1,=SUM(O28:R28),=SUM(S28:V28)
-1,1997-06-22 00:00:00,Addington,A,D,Opp,169,6,,Morris 3-67,155,9,,"Worthy J 49*, Worthington 30",4,0,7,0,2,8,7,5,=SUM(O30:R30),=SUM(S30:V30)
-1,1997-07-05 00:00:00,Deansbank,A,L,Opp,200,9,N,"Reade 52, Young 3-27, Simmons 3-42",179,9,Y,"Cooper 75, Reid 34",1,0,5,8,11,8,4,8,=SUM(O34:R34),=SUM(S34:V34)
-1,1997-07-06 00:00:00,Murray,A,D,Opp,183,8,,Vagg 89,158,9,,"Dugdale 55, Leadley 34, Worthington 33",2,0,1,2,4,1,7,1,=SUM(O35:R35),=SUM(S35:V35)
-1,1997-07-19 00:00:00,Park Hill,A,D,Opp,175,9,,Young 4-22,149,9,,"Shewan 36, Beckett 4-46",2,0,3,3,4,10,14,10,=SUM(O37:R37),=SUM(S37:V37)
-1,1997-07-20 00:00:00,Falcon,H,D,TOCC,177,10,Y,"Springer 44, Sharpe 36",125,9,,Morris D 4-29,3,1,2,8,0,1,5,5,=SUM(O38:R38),=SUM(S38:V38)
-1,1997-07-27 00:00:00,Blenden,H,W,TOCC,118,9,,"Springer 25, Dugdale 24, Smullen 3-19",109,10,Y,"Hopton 45, Shewan 7-37",0,0,0,8,4,0,9,1,=SUM(O40:R40),=SUM(S40:V40)
-1,1997-08-02 00:00:00,Flying Wickets,H,W,TOCC,218,8,,"Dugdale 102*, Jones 5-44",136,9,Y,"Sefton 61, Sharpe 3-24, Young 3-39",3,0,1,1,5,5,0,5,=SUM(O41:R41),=SUM(S41:V41)
-1,1997-08-03 00:00:00,Whyteleaf,A,W,Opp,105,10,Y,"Simmons 4-9, Shewan 3-16",123,7,,Hamilton 50,7,0,1,2,8,1,2,1,=SUM(O42:R42),=SUM(S42:V42)
-1,1997-08-09 00:00:00,Sutton,A,L,Opp,171,4,,"Butcher 54, Moore 52*",142,10,Y,Dugdale 30,21,2,0,0,10,3,11,2,=SUM(O43:R43),=SUM(S43:V43)
-1,1997-08-10 00:00:00,Addington,H,D,Opp,148,7,,Brocks 4-48,116,9,,Hawksworth A 40,3,0,8,2,2,0,11,2,=SUM(O44:R44),=SUM(S44:V44)
-1,1997-08-16 00:00:00,Riverside,H,D,TOCC,174,8,,"Sharpe 52, Snow 32",134,9,,"Young 3-39, Sharpe 2-24",13,1,0,1,15,9,10,5,=SUM(O45:R45),=SUM(S45:V45)
-1,1997-08-17 00:00:00,Hextable,H,D,TOCC,221,7,,"Leadley 85, Springer 47, Sharpe 46",137,9,,Worthy R 5-6,5,0,7,1,7,1,4,3,=SUM(O46:R46),=SUM(S46:V46)
-1,1997-08-23 00:00:00,Central YMCA,H,W,Opp,209,5,,"East J 58*, Leadley 3-10",211,8,,"Leadley 52, Woodhouse 51",4,0,19,1,13,2,8,7,=SUM(O47:R47),=SUM(S47:V47)
-1,1997-08-24 00:00:00,Eltham,H,D,TOCC,192,6,,Hawksworth R 52*. Brocks 49*,139,9,,Cooper 4-27,10,1,3,0,5,1,7,3,=SUM(O48:R48),=SUM(S48:V48)
-1,1997-08-31 00:00:00,Puttenham & Wandborough,A,D,TOCC,158,8,,"Cooper 50*, Insall 3-32",151,8,,"Champneys 91,Shewan 4-37, Cooper 3-39",1,0,1,0,16,0,5,2,=SUM(O50:R50),=SUM(S50:V50)
-1,1997-09-06 00:00:00,LESSA Wanderers,H,W,Opp,97,10,Y,Young 3-17,101,3,,Leadley 55*,4,0,1,4,5,0,5,2,=SUM(O51:R51),=SUM(S51:V51)
-1,1997-09-07 00:00:00,Selsdon,H,W,Opp,178,8,,Worthy R 3-15,180,5,,"Sharpe 81, Hamilton 59",5,2,12,1,8,0,2,4,=SUM(O52:R52),=SUM(S52:V52)
-1,1997-09-07 00:00:00,Morden 2nds,A,D,Opp,180,9,,Elliston 3-30,140,9,,"Dugdale 50*, Hawksworth 45",9,0,3,7,0,0,4,2,=SUM(O53:R53),=SUM(S53:V53)
-1,1997-09-13 00:00:00,Graveney,H,L,TOCC,146,6,,Middleton 64,148,8,,Middleton 3-34,14,1,14,5,8,4,1,0,=SUM(O54:R54),=SUM(S54:V54)
-1,1997-09-14 00:00:00,Beddington,A,W,Opp,108,10,Y,Worthy R 5-31,109,5,,Hamilton 65,3,1,1,2,3,1,6,6,=SUM(O55:R55),=SUM(S55:V55)
-1,1997-09-14 00:00:00,East Cheam,H,D,TOCC,214,7,,"Dugdale 44, Woodhouse 38",155,6,,Sharpe 3-17,13,1,19,1,25,2,11,10,=SUM(O56:R56),=SUM(S56:V56)
-1,1997-09-20 00:00:00,Mad Hatters,H,W,Opp,171,4,,Hannah 88*,173,8,,"Dugdale 53, Middleton 54, Leadley 31",5,0,13,2,8,1,3,4,=SUM(O57:R57),=SUM(S57:V57)
-1,1997-09-21 00:00:00,Murray,H,D,Opp,187,7,,"Vagg 99*, Shewan 3-41",101,9,,"O'Sullivan 3-23, Vagg 2-6",4,1,6,2,4,0,23,0,=SUM(O58:R58),=SUM(S58:V58)
-1,2017-04-22 00:00:00,Southern Rlwy & Kenley,A,L,Opp,197,9,,Stuart 47,79,10,,Vear 4-20,25.4,42,9,3,2,8,0,0,6,0
-1,2017-04-30 00:00:00,Woodgreen,H,L,Opp,187,8,,Harding 55,175,6,,,30,30,8,2,4,0,7,2,17,4
-1,2017-05-07 00:00:00,Ewell,A,L,TOCC,161,10,,,162,3,,Debanil 79,39.1,34,7,0,3,3,13,2,5,3
-1,2017-05-14 00:00:00,Spencer,H,L,Opp,220,9,,"Mohammed 93, Springer 3-28",114,10,,,25.3,35.3,1,1,1,5,3,1,7,4
-1,2017-05-21 00:00:00,Southbank,H,L,Opp,167,9,,Nair 3-37,59,10,,,32,40,0,0,6,4,4,2,2,1
-1,2017-05-27 00:00:00,Fonthill Park,A,W,TOCC,175,10,,Sharpe 62,147,10,,"White J 94, Seymour 4-41",35.2,31.3,14,5,6,0,0,0,0,1
-1,2017-05-28 00:00:00,Woodgreen,A,W,Opp,183,9,,Madann 57,184,8,,,34.5,35,1,0,17,2,12,1,2,2
-1,2017-05-29 00:00:00,Steeple Langford,A,W,TOCC,193,4,,Niran 53,155,9,,Seymour 4-5,30,30,11,4,5,2,10,3,0,2
-1,2017-06-04 00:00:00,Worcester Park,A,L,Opp,234,3,,Hill 104*,167,10,,Niran 50,37,40,9,0,9,1,7,6,3,1
-1,2017-06-11 00:00:00,Battersea Eagles,H,W,Opp,186,10,,"Rathi 60, Nair 3-14",187,1,,Seymour 88*,38.4,40,6,0,10,1,8,0,16,2
-1,2017-06-18 00:00:00,Woldingham Village,A,W,TOCC,301,2,,"Seymour 122*, Sharpe 90",101,8,,,40,27.1,7,2,6,0,16,2,7,3
-1,2017-06-25 00:00:00,Raynes Park FP,H,L,Opp,215,7,,,138,10,,,33.2,40,10,1,4,2,3,3,3,2
-1,2017-07-02 00:00:00,RACS,A,W,TOCC,145,10,,Driver 65*,70,10,,Tapadar 5-22,41.5,26.1,4,0,2,1,4,2,1,1
-1,2017-07-09 00:00:00,Giltec,H,L,Opp,220,10,,"Mazar 78,Dhruvik 69",204,6,,Niran 119*,40,39.2,8,5,8,4,8,3,2,1
-1,2017-07-16 00:00:00,HSBC,A,W,Opp,82,10,,Bhatt 4-13,86,5,,Springer 64*,21.1,22.4,2,1,2,2,1,0,7,2
-1,2017-07-23 00:00:00,Lessa Wanderers,H,W,TOCC,163,10,,Greenfell 54,66,5,,,29.3,30,7,1,9,1,11,2,3,2
-1,2017-08-06 00:00:00,Old Midwhitgiftians,A,L,Opp,264,3,,Malhotra 88*,220,8,,Driver 61,40,40,9,0,16,1,6,2,8,1
-1,2017-08-13 00:00:00,Lessa Wanderers,A,W,Opp,72,9,,,74,3,,,15.3,33,4,0,8,5,1,1,1,0
-1,2017-08-20 00:00:00,Norwood Exiles,H,W,TOCC,195,6,,Greenall D 128,176,10,,,40,37.1,2,4,19,2,1,0,2,6
-1,2017-09-03 00:00:00,Monty,A,L,Opp,199,7,,,141,7,,,30.5,30,3,0,1,4,11,7,4,0
-1,2017-09-10 00:00:00,Richmond Legbreakers,H,W,TOCC,200,8,,"Niran 60, Sharpe 53",158,9,,Middleton 4-16,30,30,1,0,0,0,4,2,4,1
-1,2017-09-17 00:00:00,Sanderstead,A,W,Opp,175,4,,Hackshall 79,176,8,,,34,40,4,4,8,1,11,2,6,6
-1,2017-09-24 00:00:00,"Chipstead, Coulsdon & Walcountians",H,L,Opp,153,8,,,125,10,,,35.4,40,5,1,10,4,5,3,10,3
-1,2022-04-24 00:00:00,Worcester Park,H,W,Opp,149,7,,Mubin Ahmed 3-23,150,8,,Soham De 50*,40,40,18,0,1,1,2,0,5,3
-1,2022-05-01 00:00:00,Riverside,H,W,TOCC,205,9,,Seymour D 114*,198,5,,,35,35,8,2,2,3,10,1,6,4
-1,2022-05-08 00:00:00,Warlingham,A,D,TOCC,245,8,,Springer 64,179,4,,,41,40,10,5,2,3,11,8,8,1
-1,2022-05-15 00:00:00,YRG Eagles,H,W,TOCC,192,4,,Seymour C 70,143,5,,,35,34.4,9,0,2,0,10,0,6,0
-1,2022-05-22 00:00:00,Merton Bears,A,W,TOCC,207,8,,"Patel J 66, Ahmed R 90",72,9,,Nair 3-5,40,40,3,1,2,0,2,0,10,3
-1,2022-06-03 00:00:00,Woodgreen,A,ND,TOCC,164,7,,,,,,abandoned - rain,35,,,,,,11,3,6,3
-1,2022-06-02 00:00:00,Steeple Langford,A,W,TOCC,198,8,,,152,7,,De 3-18,35,35,3,1,1,2,7,4,11,4
-1,2022-06-04 00:00:00,Fonthill Park,A,L,TOCC,146,8,,,152,,,Sajjid K 4-26,35,33.5,3,0,3,0,10,4,8,5
-1,2022-06-12 00:00:00,Beddington,A,W,TOCC,261,4,,"Ahmed R 86, Stevenson R 67, Seymour C 52",129,8,,,35,35,10,7,5,1,8,5,4,0
-1,2022-06-19 00:00:00,Richmond Legbreakers,H,L,TOCC,189,9,,Sharpe 86,190,9,,,40,39.5,6,2,7,1,19,6,14,1
-1,2022-06-26 00:00:00,Norwood Exiles,A,W,Opp,100,10,,,101,2,,,14.2,32.3,8,6,10,0,10,1,10,1
-1,2022-07-03 00:00:00,London Leopards,A,W,Opp,115,10,,Bhatt 4-20,119,4,,Sharpe 69*,26.2,18.4,15,0,4,0,1,3,13,0
-1,2022-07-10 00:00:00,Morden,A,W,Opp,210,7,,,211,8,,,39.3,40,4,5,14,7,15,1,6,0
-1,2022-07-17 00:00:00,Sanderstead,H,L,Opp,194,5,,,165,10,,,33.4,35,8,0,6,2,3,5,6,1
-1,2022-08-07 00:00:00,Worcester Park,A,W,TOCC,181,7,,,105,9,,,35,28.2,2,0,5,1,5,3,5,1
-1,2022-08-14 00:00:00,Norwood Exiles,H,W,Opp,190,8,,,191,7,,De S 84,37.2,40,7,0,15,6,11,15,8,1
-1,2022-08-28 00:00:00,Mitcham,A,L,Opp,260,7,,,140,10,,,31.4,35,9,3,15,3,2,2,6,4
-1,2022-09-04 00:00:00,Beddington,H,L,Opp,174,7,,,54,9,,,15.1,35,9,3,12,1,2,2,8,0
-1,2022-09-11 00:00:00,Battersea Ironsides,A,L,Opp,156,10,,bowling figures lost by opposition,141,9,,,35,35,0,0,0,0,15,9,0,7
-1,2022-09-18 00:00:00,Ploughman's Sunday XI,H,L,TOCC,136,9,,,137,3,,,40,29.3,6,0,0,2,4,5,15,1
-1,2022-09-25 00:00:00,Sanderstead,A,W,Opp,176,6,,,177,9,,,35.2,40,2,0,4,1,7,0,15,1
